crm_id,address1,address2,city,state,postal_code,job_date,JobValue
C00001,2064 Sunset Ct,Ste 100,Addison,TX,75005,2023-06-01,2314.73
C00002,7673 E Main Circle,Suite 100,Addison,TX,75005,02/06/2023,10787.27
C00003,7826 LakeShore Trail,,Lewisville.,TX,75007,05-27-2023,9236.55
C00004,2937 Valley View Boulevard,,Irving.,TX,75004-5324,2023/09/14,677.06
C00005,7281 Oak Ave,Ste 200,Carrollton,TX,75009,2023/07/04,2104.54
C00006,4807 Oak Ln,,Plano,TX,75002-6059,2024/03/07,6562.99
C00007,8578 N Elm Place,,Allen,TX,75010-2426,01-18-2024,11171.15
C00008,6537 Riverside Cir,,Irving.,TX,75004,06/26/2023,10875.05
C00009,9192 Riverside Cir,Apt 1,Carrollton,TX,75009-1453,2024/07/09,3871.88
C00010,987 S Maple Boulevard,,Richardson.,TX,75006,2023-01-21,12355.99
C00011,9834 Cedar Dr,,Carrollton,TX,75009,2024-04-22,6669.94
C00012,5655 Valley View Blvd,,Garland,TX,75003,07/04/2023,14234.61
C00013,9094 Main Cir,,Addison,TX,75005,08-07-2024,3231.79
C00014,7489 Main Trl,Suite 200,Addison,TX,75005,08-15-2023,8231.68
C00015,8777 West Pine Ave,,Addison,TX,75005,08/25/2023,1684.57
C00016,6363 Oak Trail,Apt 2,Fort Worth,TX,75008,2023-10-25,3038.40
C00017,6453 Cedar Road,Apt 2,Allen,TX,75010,05-03-2024,6785.46
C00018,3132 Pine Rd,Apt 2,Lewisville,TX,75007,04-27-2024,3504.88
C00019,5966 Maple Boulevard,Apt 1,Carrollton,TX,75009,2024-03-06,2626.70
C00020,7847 Main Circle,,Lewisville,TX,75007,2023/09/08,1858.48
C00021,5272 Hillcrest Court,Unit 2,Lewisville.,TX,75007,02/05/2024,1576.03
C00022,5883 Riverside Lane,Suite 200,Fort Worth,TX,75008,06-17-2023,6267.74
C00023,259 Willow Cir,Suite 100,Dallas,TX,75001-5376,2024-04-11,12374.30
C00024,1460 Oak Blvd,,Allen,TX,75010-2210,07/10/2024,11381.97
C00025,849 Cedar Court,,Fort Worth,TX,75008,2024/03/01,4986.26
C00026,2742 Main Pkwy,,Dallas.,TX,75001,01/20/2023,13481.02
C00027,4312 LakeShore Pkwy,,Addison,TX,75005,05-06-2024,13936.55
C00028,7078 Elm Place,,Irving.,TX,75004-3518,2024-06-13,3771.39
C00029,1088 Maple Road,,Dallas,TX,75001,2023-07-13,13720.67
C00030,4657 Maple Cir,,Plano,TX,75002,05/31/2024,5137.08
C00031,7420 Hill Crest Circle,Ste 100,Richardson,TX,75006-1200,2024/03/28,9056.08
C00032,9325 Riverside Circle,,Fort Worth,TX,75008,08/22/2023,2198.63
C00033,8594 Elm Road,Ste 100,Richardson,TX,75006,04-17-2023,12486.32
C00034,2575 Main Trl,Apt 2,Allen,TX,75010,2023-03-12,8713.47
C00035,4396 Riverside Court,Suite 200,Richardson,TX,75006,2023-02-23,10831.75
C00036,3933 Riverside Circle,,Irving,TX,75004,2023/07/06,11334.80
C00037,9951 ValleyView Boulevard,Suite 200,Fort Worth,TX,75008,05/11/2024,12520.59
C00038,988 Maple Pkwy,Apt 2,Fort Worth,TX,75008,2023/06/05,3373.37
C00039,6843 Sunset Circle,,Plano,TX,75002-1679,2024/03/01,10054.27
C00040,9648 Riverside Drive,Ste 100,Plano,TX,75002,07/04/2023,14033.12
C00041,5525 Hill Crest St,Apt 2,Addison,TX,75005-6129,2024/03/16,11759.63
C00042,4211 MaplV Drive,Ste 100,Plano,TX,75002,02-03-2024,4184.24
C00043,9306 Lake Shore Road,,Richardson,TX,75006,07-14-2024,8122.13
C00044,8875 Main Dr,,Garland,TX,75003-2617,02/01/2024,8706.99
C00045,8245 Lakke Shore Rd,,Carrollton,TX,75009,06-30-2023,9919.39
C00046,6568 Elm Pkwy,Apt 2,Garland,TX,75003-8831,01/22/2023,7945.84
C00047,2791 Oak Road,Apt 2,Allen,TX,75010-1895,04/30/2024,11251.61
C00048,1430 Elm St,,Plano,TX,75002-3869,2024-03-31,2218.01
C00049,4913 Oak Street,Suite 200,Carrollton,TX,75009,02-13-2024,10344.32
C00050,6164 Riverside Place,Apt 2,Irving,TX,75004,2024/01/06,1404.24
C00051,494 Oak Blvd,Apt 2,Lewisville,TX,75007,2023-10-29,12555.80
C00052,9303 Cedar Court,,Plano,TX,75002-4581,2023/05/23,12028.59
C00053,2830 N Hill-Crest Pkwy,Apt 2,Carrollton,TX,75009-9782,01/13/2023,5300.04
C00054,5569 Oak Pkwy,Unit 2,Dallas,TX,75001,02/15/2023,8086.13
C00055,9793 Willow Lane,Apt 2,Allen,TX,75010-5498,2024-02-13,5450.92
C00056,8124 Cedar Ln,Apt 2,Garland,TX,75003,2024-12-13,2918.30
C00057,7547 WillZw Cir,,Fort Worth,TX,75008,2023-04-19,1134.36
C00058,2896 N Sunset Cir,Apt 2,Carrollton,TX,75009-8843,03/16/2024,4049.61
C00059,2984 Pine Dr,,Addison,TX,75005-7812,2023/08/06,6409.31
C00060,6058 Maple Ct,Ste 100,Lewisville,TX,75007,09/18/2024,5394.47
C00061,7585 East Hill Crest Street,,Dallas,TX,75001,12/04/2023,13108.49
C00062,6583 Cedar Road,,Irving,TX,75004-2546,01/20/2024,4971.82
C00063,3221 E Pine Street,Unit B,Richardson,TX,75006,2023/06/20,4260.93
C00064,8665 Maple Road,,Richardson,TX,75006,03/25/2023,14808.58
C00065,7628 Main Blvd,Apt 1,Carrollton,TX,75009-6485,2024/10/22,5248.83
C00066,1774 Valley View Pkwy,Suite 200,Fort Worth,TX,75008,2024-07-27,7068.73
C00067,6174 West Willow Ln,Suite 200,Addison.,TX,75005,02/09/2024,5959.89
C00068,9273 S Lake Shore Trail,Unit B,Richardson,TX,75006,2023/03/19,4006.39
C00069,7286 Hill Crest Street,Unit B,Garland,TX,75003,2024-12-02,2345.02
C00070,144 Cedar Trail,,Dallas,TX,75001,2024/04/15,7065.15
C00071,6059 Riverside Blvd,Ste 100,Fort Worth,TX,75008,01/16/2024,5278.20
C00072,5122 Maple Pkwy,Suite 100,Allen.,TX,75010,07/04/2024,10735.32
C00073,2016 Hill Crest Court,,Fort Worth,TX,75008,05/06/2024,7545.22
C00074,7413 Cedar Boulevard,Suite 200,Allen.,TX,75010-2835,2023-10-22,10373.65
C00075,6760 Riverside Blvd,Ste 200,Plano,TX,75002,2024/08/17,14614.74
C00076,2760 OaU Dr,,Irving.,TX,75004,01/16/2024,6937.44
C00077,7053 Willow Ln,Unit B,Richardson,TX,75006-5743,2024/03/15,10513.91
C00078,5208 Riverside Circle,Apt 2,Richardson.,TX,75006,2024-09-12,6950.16
C00079,9831 Sunset Ct,,Carrollton,TX,75009,2023-10-29,1199.35
C00080,7993 E Riversime Circle,Ste 100,Plano.,TX,75002,11/13/2023,10882.75
C00081,9391 Hill Crest Pkwy,,Plano.,TX,75002,2024-07-05,4211.24
C00082,4378 Willow Cir,Apt 2,Dallas.,TX,75001,2024/03/08,1022.00
C00083,3517 Qlm Ln,Suite 100,Fort Worth,TX,75008,02/09/2024,3888.57
C00084,3819 Valley-View Place,Suite 100,Allen.,TX,75010,2024/12/28,1810.86
C00085,3538 Cedar Pkwy,Unit B,Carrollton,TX,75009,2024/04/14,3797.43
C00086,4247 RiveOside Court,Apt 2,Lewisville.,TX,75007-6614,01/05/2023,11660.65
C00087,7095 Willow Cir,Apt 2,Plano.,TX,75002-5299,2024-10-28,11536.53
C00088,629 Main Trl,Apt 2,Allen,TX,75010-8113,10-07-2023,5418.78
C00089,5567 Main Cir,,Plano.,TX,75002,05-01-2023,6516.44
C00090,4303 Maple Dr,Suite 100,Allen,TX,75010,2024/03/21,3948.79
C00091,4378 Elm Pkwy,Suite 100,Richardson,TX,75006-3508,2023-01-30,8678.63
C00092,646 S Riverside Blvd,,Allen,TX,75010,2023-05-29,9212.56
C00093,953 Cedar Circle,,Carrollton,TX,75009,12/14/2023,4511.26
C00094,6007 Lake Shore Ln,,Carrollton,TX,75009-3413,03/13/2023,5415.68
C00095,2247 Lake-Shore Trl,Suite 100,Garland,TX,75003,03-09-2024,4139.28
C00096,1134 Main Trl,,Garland,TX,75003-6344,11-23-2023,2866.40
C00097,934 Willow Ln,Suite 100,Richardson.,TX,75006,01/31/2023,7722.12
C00098,5999 Willow Blvd,Apt 2,Plano,TX,75002-3088,2024/05/31,3117.86
C00099,7391 Hill Crest Lane,Apt 2,Lewisville.,TX,75007,2023/04/21,6131.76
C00100,9264 Elm Dr,Suite 100,Carrollton,TX,75009,2024-05-29,9077.89
C00101,2633 Maple Ct,Apt 2,Plano,TX,75002-5478,2023/01/11,9016.87
C00102,8261 N Sunset Avenue,Suite 100,Fort Worth.,TX,75008,04/25/2024,1473.47
C00103,9755 SuZset Blvd,Unit B,Fort Worth,TX,75008,2023-08-24,731.07
C00104,5690 Valley View Trail,,Garland,TX,75003,2024/03/20,1953.89
C00105,2951 Pine Circle,,Richardson,TX,75006,09-21-2024,1290.38
C00106,9975 Cedar Cir,Apt 2,Allen,TX,75010-3274,08/28/2023,4455.82
C00107,9838 Maple St,Unit B,Lewisville,TX,75007,2024-12-30,11347.87
C00108,141 Valley View Pkwy,Apt 2,Irving.,TX,75004,07-23-2023,8195.24
C00109,4335 Oak Blvd,Apt 2,Dallas.,TX,75001,2023/11/03,6181.34
C00110,7481 Maple Ln,Apt 2,Carrollton,TX,75009-3236,2024-08-16,10384.80
C00111,6712 Maple Place,,Irving,TX,75004,2023-05-02,5148.32
C00112,2362 E Main Pl,,Carrollton,TX,75009,11-21-2023,13221.22
C00113,6379 Lake Shore Ct,Apt 2,Irving,TX,75004,2023-07-24,7597.64
C00114,6501 Cedar St,Suite 100,Allen.,TX,75010-4290,10-07-2024,12357.37
C00115,1533 Cedar St,Apt 2,Lewisville,TX,75007,04-23-2024,3376.71
C00116,4277 Willow Trail,Unit B,Lewisville,TX,75007-2224,2024/07/27,1621.35
C00117,2818 Cedar Rd,Suite 100,Addison,TX,75005-6910,2023-12-18,2125.01
C00118,9598 Lake-Shore Pkwy,,Allen.,TX,75010,2024-08-09,7203.21
C00119,119 Cedar Avenue,,Allen,TX,75010,01-06-2024,12919.39
C00120,2396 Hill Crest Avenue,Suite 100,Richardson.,TX,75006-7630,02/16/2023,2873.87
C00121,1306 Willow Cir,Suite 100,Lewisville,TX,75007-5314,2023/08/19,4699.85
C00122,783 Main Street,,Fort Worth,TX,75008-3279,2023/12/21,9703.61
C00123,9864 Oak Place,Suite 100,Allen,TX,75010-5800,10/18/2023,8313.72
C00124,7433 Willow Pl,,Lewisville.,TX,75007-3087,2024-04-21,4808.13
C00125,2764 Pine Ct,Suite 100,Plano,TX,75002,02/15/2023,12872.84
C00126,3190 Elm Street,,Garland,TX,75003,11/27/2024,14053.07
C00127,9522 Willow Cir,,Irving,TX,75004,04-05-2024,6770.75
C00128,2826 N Elm Lane,Suite 100,Addison,TX,75005-8053,2023-04-29,7800.56
C00129,8679 W Hill Crest Avenue,,Fort Worth,TX,75008,09-22-2024,8535.14
C00130,2598 W Oak Street,,Plano,TX,75002-9030,03/12/2023,14296.80
C00131,751 Hill-Crest Rd,Unit B,Fort Worth.,TX,75008,07/03/2023,11025.22
C00132,7199 Valley View Trl,,Fort Worth.,TX,75008,04/13/2023,7334.12
C00133,2088 N Pine St,Unit B,Richardson,TX,75006,2023/05/08,2206.63
C00134,6161 W Oak Blvd,Suite 100,Lewisville,TX,75007,2024/12/10,7225.88
C00135,8754 Main Boulevard,Apt 2,Dallas,TX,75001-3361,09-20-2024,9455.99
C00136,448 Riverside Circle,,Richardson,TX,75006,2023-06-23,4406.47
C00137,9944 Elm Dr,Unit B,Garland,TX,75003,06/07/2024,9692.10
C00138,5787 Hill Crest Ln,Suite 100,Addison,TX,75005-5060,2023-05-05,9801.73
C00139,5878 Main Dr,Unit B,Addison,TX,75005,2024/12/15,3881.69
C00140,8938 Elm Ct,,Lewisville,TX,75007-3370,08-07-2024,11869.12
C00141,2958 E Maple Road,Suite 100,Addison,TX,75005-8445,08/07/2024,4150.05
C00142,1861 N Elm Dr,Apt 2,Lewisville,TX,75007,12-26-2024,10680.20
C00143,3528 Lake Shore Street,,Irving,TX,75004-4201,04/03/2023,9849.47
C00144,1056 Main Ln,Suite 100,Carrollton,TX,75009,01-25-2023,2368.16
C00145,6646 Sunset Pkwy,,Fort Worth.,TX,75008-3473,07-05-2023,4572.10
C00146,6817 Cedar Road,Suite 100,Richardson,TX,75006,2024-01-22,1439.61
C00147,8422 Main Street,Apt 2,Carrollton,TX,75009-1104,07/09/2024,11107.30
C00148,3127 Elm Ave,Suite 100,Dallas,TX,75001,09/06/2024,3147.54
C00149,6175 Cedar Street,Apt 2,Allen,TX,75010-4523,2023-11-30,11776.80
C00150,9469 Pine Dr,,Irving.,TX,75004,2023-06-22,2690.37
C00151,7856 N Oak Pkwy,Suite 100,Irving,TX,75004-9755,11/16/2024,9764.00
C00152,231 Sunset Place,,Lewisville,TX,75007,10/23/2024,7205.18
C00153,8548 ValleyView Boulevard,Suite 100,Irving,TX,75004,2023-09-18,11202.09
C00154,2978 ValleyView Boulevard,,Plano,TX,75002,2024-01-24,5951.45
C00155,5895 Plne St,Unit B,Allen,TX,75010-8634,10-22-2024,9224.63
C00156,584 N Pine Rd,Apt 2,Garland,TX,75003,04/15/2024,3288.84
C00157,9642 Elm Blvd,,Irving,TX,75004-5235,2023/09/13,14401.10
C00158,8053 Elm Ave,Suite 100,Irving,TX,75004,2023-01-31,4450.16
C00159,1601 Riverside Avenue,,Plano,TX,75002,03/12/2023,12395.96
C00160,567 S Riverside Trail,Apt 2,Lewisville,TX,75007-8072,05-22-2023,8345.97
C00161,4420 Main Ct,,Fort Worth,TX,75008-3320,2024-09-07,11622.81
C00162,1964 Sunset Blvd,,Dallas,TX,75001,04-26-2023,14549.84
C00163,5582 Pins Road,Unit B,Garland,TX,75003,2024/01/28,608.54
C00164,6984 SunseJ Blvd,Apt 2,Richardson,TX,75006,12/09/2023,10407.15
C00165,2112 Cedar Circle,,Addison.,TX,75005,2024/12/14,1843.82
C00166,9968 Main Road,Suite 100,Garland,TX,75003,02-16-2023,956.61
C00167,4760 Cedar Court,,Dallas,TX,75001-7122,07-19-2024,11744.81
C00168,6884 Riverside Trl,Unit B,Addison.,TX,75005,2024-09-02,11144.15
C00169,6490 N Riverside Pl,,Plano,TX,75002,2024-08-21,3990.55
C00170,9788 Willow Lane,Suite 100,Garland,TX,75003-4209,2024-05-23,8260.38
C00171,4540 Valley View Lane,,Plano,TX,75002,2023-12-04,1908.39
C00172,5555 MaiH Circle,,Irving,TX,75004,2024-01-12,1153.92
C00173,901 Pine Lane,,Addison.,TX,75005-1205,2024-04-27,8341.07
C00174,6881 Hill Crest Road,Suite 100,Fort Worth,TX,75008-8334,2024/08/06,1964.25
C00175,2043 Maple Pkwy,Unit B,Addison,TX,75005-8247,01-15-2024,7622.13
C00176,7242 Hill Crest Rd,,Carrollton,TX,75009,08-10-2023,8329.82
C00177,9752 Maple Rd,Unit B,Fort Worth,TX,75008,08/07/2024,6657.42
C00178,378 Valley View Pkwy,Unit B,Addison.,TX,75005,2023/05/19,14449.22
C00179,139 Valley View Ln,,Plano,TX,75002-9475,2023-03-28,13194.83
C00180,3134 Mait St,,Garland,TX,75003,2024-03-25,5056.47
C00181,7440 Cedar Place,Suite 100,Richardson.,TX,75006-4680,2024-10-29,8327.97
C00182,3202 Cedar Lane,,Irving,TX,75004-6563,11/24/2024,12117.29
C00183,5057 Maple Ave,Unit B,Plano,TX,75002-8543,2024-10-08,8793.73
C00184,2127 Hill Crest Circle,,Fort Worth,TX,75008-4352,04/18/2024,11056.09
C00185,3502 Oak Court,Suite 100,Garland,TX,75003-4841,08-27-2023,1439.17
C00186,8464 ValleyView Street,Unit B,Dallas,TX,75001-4674,08-31-2023,12547.17
C00187,4158 Hill-Crest Ct,,Allen,TX,75010-9265,01-08-2023,1863.90
C00188,3301 Oak Ln,,Lewisville,TX,75007-9779,04/19/2023,7007.85
C00189,998 Sunset Trl,,Richardson.,TX,75006,2023/01/28,3650.76
C00190,3130 LakeShore Trl,,Richardson.,TX,75006,2024-09-19,6423.96
C00191,3329 Valley View Trail,Suite 100,Richardson,TX,75006-5567,2023/05/12,2573.23
C00192,8697 Lake Shore Drive,,Addison,TX,75005,06-28-2024,11541.51
C00193,7667 Riverside Ave,,Plano,TX,75002-5213,2023-12-05,6986.99
C00194,4300 Maple Cir,Unit B,Fort Worth,TX,75008-5400,2024/03/20,10014.31
C00195,2785 Cedar Pl,,Plano,TX,75002-5906,2023/04/21,10346.95
C00196,2829 Oak Cir,,Garland,TX,75003,01/02/2023,1381.32
C00197,1480 Mapxe Rd,Apt 2,Carrollton,TX,75009,2023/04/16,7851.33
C00198,171 Elm Road,,Lewisville,TX,75007,2024-01-30,1448.08
C00199,3840 Sunset Circle,Unit B,Irving,TX,75004-8463,01/16/2023,4346.14
C00200,362 Hill Crest Street,,Irving,TX,75004-3359,12/06/2023,12091.38
C00201,4394 Pine Pkwy,,Dallas,TX,75001,2023-09-15,6424.35
C00202,3365 Hillcrest Boulevard,,Irving,TX,75004,2024/11/09,11917.87
C00203,6939 Valley-View Ct,Suite 100,Addison.,TX,75005,2024-10-07,1858.30
C00204,6687 Elm Ave,Apt 2,Allen.,TX,75010,2024/01/25,13868.64
C00205,1155 Hill-Crest Ave,Unit B,Allen,TX,75010,12-09-2024,2003.13
C00206,4081 Riverside Rd,Unit B,Irving,TX,75004-8699,05-29-2024,2629.74
C00207,1145 Sunset Street,,Carrollton.,TX,75009,07/06/2024,6194.62
C00208,7867 Oak Lane,,Plano,TX,75002,2023-08-30,5732.76
C00209,9337 Riverside Pkwy,,Dallas,TX,75001-7976,2024-08-28,11311.14
C00210,5462 Cedar Avenue,Suite 100,Addison,TX,75005,2024-11-03,3974.57
C00211,2207 Lake-Shore St,Apt 2,Allen,TX,75010,2024/12/08,1591.32
C00212,874 Willow St,,Lewisville.,TX,75007-3417,04/11/2023,5691.43
C00213,3266 LakeShore Cir,,Irving,TX,75004,2023-11-15,3697.33
C00214,810 Cedar Boulevard,,Garland,TX,75003,10-05-2023,8111.21
C00215,1999 RiversiRe Ln,,Irving.,TX,75004,11/12/2023,2164.68
C00216,4403 Pine Street,Suite 100,Dallas.,TX,75001,05-18-2023,12774.24
C00217,5211 Cedar Ave,Unit B,Carrollton,TX,75009,01/13/2024,12596.70
C00218,6087 Riverside Trl,,Plano,TX,75002,2024/03/05,14577.00
C00219,1897 Willow Avenue,Apt 2,Richardson,TX,75006-6428,09/27/2023,10095.83
C00220,5131 Lake Shore Pl,Suite 100,Allen,TX,75010,04-12-2024,10392.96
C00221,4106 Maple Dr,,Garland,TX,75003,09-22-2023,10154.63
C00222,2478 Main Pkwy,,Fort Worth.,TX,75008-6422,07-10-2024,4089.59
C00223,2033 Willow Trail,Unit B,Lewisville.,TX,75007-3058,2024-11-05,4589.84
C00224,5410 Sunset Pkwy,Unit B,Addison,TX,75005-6893,05-07-2023,11008.57
C00225,8123 W Hillcrest Drive,,Plano.,TX,75002,2023/02/10,13612.67
C00226,1122 S Riverside Pkwy,Suite 100,Irving.,TX,75004-4567,06-02-2024,7344.55
C00227,7208 Riverside Pl,Unit B,Carrollton.,TX,75009-3992,2024-07-01,12089.93
C00228,9088 Willow Trl,Suite 100,Dallas.,TX,75001,2024/07/28,5787.25
C00229,6719 Willow Court,,Richardson,TX,75006,2023-09-21,6484.01
C00230,6315 Main Trl,Apt 2,Irving.,TX,75004,2024-03-11,725.75
C00231,8372 Willow Dr,,Allen,TX,75010-8656,06-16-2023,4951.66
C00232,7109 Pine Pkwy,,Addison,TX,75005,2024-09-26,7879.04
C00233,6382 Pine Ct,Suite 100,Plano.,TX,75002,2023-12-31,14289.09
C00234,1772 Maple Pl,,Allen,TX,75010,05/13/2024,8383.77
C00235,7539 E Elm Road,,Richardson,TX,75006,04-28-2023,13858.21
C00236,4442 Willow Pl,Unit B,Richardson,TX,75006-3606,04/14/2024,11064.65
C00237,1474 Maple Lane,,Dallas,TX,75001,2023/12/25,11604.08
C00238,443 LakeShore Place,Suite 100,Addison,TX,75005-4938,04/04/2023,2518.21
C00239,4553 Riverside Avenue,,Carrollton,TX,75009,2024/09/02,2428.17
C00240,8769 Willow Boulevard,Suite 100,Dallas,TX,75001,06/26/2024,6400.04
C00241,6010 Cedar Boulevard,Apt 2,Addison,TX,75005,01/24/2023,756.96
C00242,8535 Riverside Ln,Unit B,Garland,TX,75003-8225,2024-06-25,678.84
C00243,5771 Maple Place,Apt 2,Lewisville.,TX,75007,01-04-2023,14546.22
C00244,1030 Oak Road,,Carrollton,TX,75009,2024-11-06,13713.76
C00245,8044 Elm St,,Lewisville,TX,75007-7519,01-17-2024,11445.39
C00246,4422 Hill Crest Road,Suite 100,Garland,TX,75003,04/15/2023,9158.91
C00247,3451 Main Drive,Apt 2,Allen,TX,75010,2024-04-12,4415.67
C00248,3800 N Elm Circle,Suite 100,Plano.,TX,75002,12-17-2023,2475.91
C00249,1083 Maple Trail,Suite 100,Garland,TX,75003,12/09/2024,10664.91
C00250,9510 Elm Pkwy,Apt 2,Plano,TX,75002,2023/08/20,3295.55
C00251,3508 S Maple Drive,Apt 2,Fort Worth,TX,75008-7745,2024-09-08,9613.06
C00252,6415 Main Trl,Suite 100,Addison.,TX,75005,2024/08/09,1919.39
C00253,5622 Main Street,Suite 100,Carrollton,TX,75009-5737,10/18/2023,10187.11
C00254,7523 Cedar Street,,Fort Worth.,TX,75008-8400,04-10-2024,14509.85
C00255,2416 Elm Ct,Suite 100,Plano.,TX,75002,2023/04/24,7213.68
C00256,9855 Elm Blvd,Unit B,Addison,TX,75005,09-04-2023,8629.52
C00257,3730 E Valley View Lane,Suite 100,Fort Worth.,TX,75008,2024-02-25,7369.05
C00258,3515 Valley Vew Dr,,Garland,TX,75003,04/18/2023,6189.53
C00259,4786 Oak Pkwy,Unit B,Irving,TX,75004,12/24/2024,14971.81
C00260,2280 Willow Boulevard,Unit B,Dallas.,TX,75001,2024/11/18,14510.83
C00261,9382 Main Road,Apt 2,Addison,TX,75005,2024/12/07,8531.40
C00262,5839 Valley-View Court,Unit B,Carrollton,TX,75009,2023/03/10,5468.62
C00263,754 S Main Avenue,Suite 100,Lewisville,TX,75007,2023/08/10,9875.79
C00264,6625 Sunset Lane,Apt 2,Fort Worth,TX,75008,2023-07-20,3036.78
C00265,2576 LakeShore Pkwy,Suite 100,Richardson,TX,75006-6793,2024/06/25,4342.71
C00266,7956 Elm Ln,,Dallas,TX,75001,2024-07-22,6884.26
C00267,2314 N Elm Street,,Irving,TX,75004,2023/08/06,2338.29
C00268,2495 Sunset Circle,,Addison,TX,75005-2707,05-18-2024,7470.49
C00269,2711 Valley Vew Pkwy,Apt 2,Addison.,TX,75005,02-20-2024,10976.62
C00270,1574 Cedar Boulevard,Apt 2,Lewisville,TX,75007,2023/08/11,7054.98
C00271,1164 Pine Road,Unit B,Addison.,TX,75005-5869,2024-11-11,13041.40
C00272,9938 N Pine Ct,,Richardson.,TX,75006,2024-11-22,10050.30
C00273,4295 Cedar Court,Apt 2,Addison,TX,75005-1640,2023-04-13,12487.48
C00274,457 Pine Dr,,Lewisville,TX,75007,2023-09-11,10457.39
C00275,6152 Oak Place,Unit B,Irving,TX,75004,2024/07/05,6053.30
C00276,9208 kain Ln,,Lewisville,TX,75007-5698,01/16/2023,14883.76
C00277,2030 Maple Cir,Suite 100,Garland.,TX,75003,2024/12/12,10937.21
C00278,5424 Main Ct,,Carrollton,TX,75009,2024-07-02,3897.33
C00279,4872 W Willow Ln,Suite 100,Addison,TX,75005,2023-01-24,13558.89
C00280,2896 Maple Trl,,Carrollton,TX,75009,2024/10/21,2376.58
C00281,9683 Pine St,,Addison,TX,75005-9212,2024-02-20,4264.68
C00282,4199 Kunset Drive,Apt 2,Carrollton,TX,75009,2023-11-30,8149.79
C00283,2996 Cedar Dr,,Allen,TX,75010,02/23/2023,8272.11
C00284,3998 Elm Ave,Unit B,Plano,TX,75002,04/17/2024,7478.67
C00285,7429 Sunhet Dr,,Lewisville,TX,75007,04-16-2023,12943.87
C00286,4662 Sunset Trail,,Garland,TX,75003,2023/04/05,2579.96
C00287,3035 Willow Ln,Suite 100,Lewisville,TX,75007,07-22-2023,7909.56
C00288,5324 E Pine Lane,Apt 2,Lewisville,TX,75007,11-10-2024,6385.53
C00289,1810 Sunset Blvd,Unit B,Garland,TX,75003-4666,01/28/2024,11581.73
C00290,3562 Willow Trail,Apt 2,Carrollton,TX,75009,2023/08/21,10554.72
C00291,6486 S Riverside Ln,,Garland,TX,75003,11-22-2024,9030.85
C00292,6138 Hill Crest Cir,,Lewisville,TX,75007,2023-07-16,14687.32
C00293,4123 Main Road,Unit B,Allen,TX,75010,03-07-2023,14152.77
C00294,7088 Willow Road,Unit B,Lewisville,TX,75007,2023/12/25,1533.65
C00295,7130 Main Boulevard,,Addison,TX,75005,2023/03/15,3142.16
C00296,2591 W Main Road,Unit B,Irving,TX,75004-4498,02-14-2024,5022.93
C00297,7366 caple Trail,Suite 100,Plano,TX,75002-3483,2024/09/07,5228.66
C00298,8868 Lakke Shore Trail,Suite 100,Addison,TX,75005-4549,2024/09/26,12428.25
C00299,1822 Maple Avenue,Unit B,Allen,TX,75010,2024/07/06,1824.18
C00300,8353 Elm Dr,Unit B,Allen.,TX,75010,12-28-2024,9110.84
C00301,8379 Riverside Drive,,Irving,TX,75004-2009,2023/09/30,14017.44
C00302,3218 Main Pkwy,,Richardson,TX,75006,06-25-2023,2672.89
C00303,8372 Valy View Circle,,Richardson,TX,75006,2024-01-31,4183.02
C00304,3962 Cedar Rd,,Plano,TX,75002-6029,08/20/2023,7301.70
C00305,1982 N Main Blvd,Suite 100,Fort Worth,TX,75008,08-29-2024,6491.71
C00306,4200 Elm St,Suite 100,Addison,TX,75005,08/09/2024,14370.48
C00307,5225 EMm Street,,Allen,TX,75010,2023-05-01,8554.09
C00308,3225 Pine Avenue,Suite 100,Carrollton,TX,75009-6332,06-01-2024,13086.81
C00309,6115 Maple Trail,Apt 2,Irving,TX,75004-6469,2024/12/31,11621.78
C00310,7754 E Elm Pkwy,,Richardson,TX,75006,2024-06-28,920.67
C00311,3449 Elm Rd,Apt 2,Irving,TX,75004,2024-06-28,10248.17
C00312,6303 Tlm Street,,Allen,TX,75010-3121,2024-04-16,12653.56
C00313,6062 Valy View Circle,Apt 2,Garland,TX,75003-1074,04-11-2023,14861.01
C00314,9395 Cedar Ave,Apt 2,Lewisville.,TX,75007-2640,2023-05-21,1805.03
C00315,279 Oak Ave,Suite 100,Plano,TX,75002-1262,03-23-2023,2207.30
C00316,9008 Elm Pkwy,Suite 100,Lewisville.,TX,75007-9144,2024/08/27,10046.74
C00317,1185 Main Street,Apt 2,Irving,TX,75004,2023-01-28,13854.83
C00318,6262 Cedar Trl,Apt 2,Carrollton,TX,75009,08/06/2024,8478.98
C00319,8564 Main Place,Unit B,Plano,TX,75002,2023/03/12,1293.16
C00320,4350 Willow Place,Unit B,Garland,TX,75003,2024-04-08,11567.16
C00321,6486 Riverside Ln,Unit B,Fort Worth,TX,75008-5062,06-21-2024,11208.65
C00322,7365 Hill Crest Ct,,Irving.,TX,75004-1966,2023-01-02,3690.18
C00323,7874 N Riverside Avenue,Unit B,Addison.,TX,75005,2024/05/02,5622.06
C00324,2557 PiXe Road,,Dallas,TX,75001-2757,2024-01-27,6179.80
C00325,5555 Riverside Circle,Apt 2,Addison,TX,75005,2024-08-04,2783.07
C00326,1205 Sunset Pkwy,,Dallas.,TX,75001-4682,03-01-2024,12927.29
C00327,7018 Cedar Rd,Suite 100,Plano,TX,75002-4773,08/28/2024,12553.20
C00328,7481 Main Trail,Unit B,Dallas,TX,75001,11/30/2023,2814.83
C00329,7711 Elm Ln,,Addison,TX,75005,11/19/2023,1732.50
C00330,2694 Main Ln,Apt 2,Allen,TX,75010,2024/04/28,820.66
C00331,8367 Hill Crest Street,,Addison,TX,75005,07-28-2023,13267.26
C00332,2706 Willow St,Suite 100,Richardson,TX,75006,01/16/2023,5178.14
C00333,4077 Cgdar Boulevard,Apt 2,Plano.,TX,75002-8260,2024-11-09,1316.69
C00334,8397 Pine Avenue,Apt 2,Fort Worth,TX,75008-9103,2024/08/01,12494.47
C00335,7967 N Pine Blvd,,Richardson,TX,75006,04-13-2023,3466.74
C00336,4641 Oak Dr,Unit B,Carrollton,TX,75009-8679,08-26-2024,12296.45
C00337,5213 Riverside Lane,Apt 2,Lewisville,TX,75007,2023/10/30,10014.98
C00338,304 Riverside Dr,Unit B,Dallas,TX,75001-6519,02-20-2024,4099.63
C00339,7597 Sunset Court,,Lewisville,TX,75007-5463,2024-04-20,8988.45
C00340,4455 Lake-Shore Blvd,,Lewisville,TX,75007-1074,06-02-2023,6629.74
C00341,5248 Riverside Pkwy,Unit B,Plano,TX,75002-6661,07-23-2024,3216.52
C00342,5171 Valley View Street,,Lewisville,TX,75007,03/14/2024,12990.54
C00343,3387 Valy View Rd,Unit B,Fort Worth,TX,75008-5137,08-08-2024,9367.24
C00344,7268 Hillcrest Ln,Apt 2,Carrollton.,TX,75009-4970,2023/01/09,14062.34
C00345,4898 Elm Place,Suite 100,Allen,TX,75010,2024-01-31,7621.24
C00346,837 Valley View Road,,Irving,TX,75004,11-26-2024,14749.26
C00347,1579 Willow Avenue,,Richardson.,TX,75006,03-19-2023,7892.46
C00348,4483 Lake-Shore Rd,Suite 100,Allen,TX,75010-5898,2024/04/05,3009.14
C00349,2228 Oak Pkwy,Suite 100,Fort Worth,TX,75008,05/18/2024,3844.61
C00350,155 Oak Street,Suite 100,Plano,TX,75002,03-22-2023,9465.92
C00351,7334 Willow Trl,,Garland,TX,75003,2023/11/16,13604.92
C00352,7170 Sunset Pl,Unit B,Fort Worth,TX,75008,2024/08/31,2909.24
C00353,1569 Hill Crest Pl,Unit B,Garland,TX,75003,2024/11/02,6292.78
C00354,7900 Hill Crest Road,,Lewisville.,TX,75007,02/13/2024,3097.44
C00355,8243 Willow Pkwy,,Dallas,TX,75001-3620,04-22-2023,3352.76
C00356,2085 Riverside Avenue,,Dallas,TX,75001,08/25/2023,9319.69
C00357,5807 Valley View Place,,Dallas,TX,75001,2023/12/29,13888.52
C00358,5453 Riverside Road,,Lewisville,TX,75007,05-16-2023,13056.25
C00359,4402 Main Pkwy,Suite 100,Carrollton.,TX,75009,06-10-2023,5777.33
C00360,7704 Valley View Blvd,Suite 100,Addison.,TX,75005,08/22/2023,12558.51
C00361,3015 N Pine Avenue,,Dallas.,TX,75001-1396,2023-10-24,9858.38
C00362,9235 Lake Shore Cir,,Garland,TX,75003,01-23-2023,10638.08
C00363,7171 Elm Ln,,Allen,TX,75010,11/22/2023,8426.50
C00364,9853 Willow St,,Carrollton,TX,75009,07/04/2023,1306.50
C00365,4163 Elm Trail,,Dallas,TX,75001,03/24/2023,14620.23
C00366,9573 W Elm Pkwy,Unit B,Carrollton,TX,75009-2873,2023-10-12,10331.73
C00367,5053 Elm Avenue,,Allen,TX,75010,11/27/2023,10509.66
C00368,9390 Oak Drive,Suite 100,Carrollton,TX,75009,2024/06/14,2452.10
C00369,3647 Main Street,Unit B,Lewisville,TX,75007-5473,2024/03/16,7092.09
C00370,2226 Valley View Boulevard,Unit B,Irving,TX,75004,2024-10-20,7428.79
C00371,145 Riverside Ave,,Fort Worth.,TX,75008-4523,12-16-2024,13301.38
C00372,1305 Hill Crest Pkwy,,Lewisville,TX,75007,11/04/2024,814.43
C00373,2019 Elm Ln,,Carrollton,TX,75009-5763,2023-12-30,14214.39
C00374,7812 N Sunset Rd,,Plano.,TX,75002,06-17-2023,8653.33
C00375,9411 Cedar Drive,Apt 2,Plano,TX,75002,2024/06/18,14980.51
C00376,1842 Maple Blvd,Suite 100,Addison,TX,75005,2023-10-02,5192.96
C00377,6120 S vak Road,,Allen,TX,75010,12-13-2024,12115.48
C00378,6530 Hill Crest St,,Plano,TX,75002-4693,10-02-2024,6001.23
C00379,503 Riverside Circle,Suite 100,Allen,TX,75010,2024/08/17,10271.74
C00380,9764 Willow Pkwy,Unit B,Fort Worth,TX,75008,2023/07/20,8853.43
C00381,7388 SunsWt Avenue,,Irving.,TX,75004,2023-06-21,9417.99
C00382,4487 E Sunset St,,Dallas,TX,75001,2023-09-07,1771.79
C00383,3600 Valy View Boulevard,Unit B,Lewisville,TX,75007-1152,2024/06/02,10653.36
C00384,122 Pine Drive,,Addison,TX,75005,2023/08/13,2636.77
C00385,8419 Maple Ln,,Addison,TX,75005,01/31/2023,2977.21
C00386,4161 Willow Ave,,Richardson,TX,75006-5936,04/17/2024,4380.87
C00387,1906 Lake Shore Trl,Suite 100,Fort Worth,TX,75008-7323,12/13/2024,4407.57
C00388,1183 Cedar Drive,,Allen,TX,75010-5038,2023/07/03,4632.34
C00389,3085 Willow Cir,,Dallas,TX,75001-1982,03/14/2023,8829.43
C00390,4106 Riverside Circle,Apt 2,Richardson.,TX,75006-8958,06-02-2024,10222.26
C00391,6132 Valley View Rd,Apt 2,Richardson,TX,75006,10-05-2023,7762.36
C00392,5329 E Elm Boulevard,,Plano,TX,75002,2023/10/28,10097.16
C00393,2331 CedBr Trl,Apt 2,Dallas,TX,75001-4168,2023-12-20,13629.64
C00394,1833 Hill Crest Cir,,Richardson,TX,75006,08-08-2024,11013.84
C00395,3408 Lake Shore Rd,Unit B,Fort Worth,TX,75008,2024/06/19,3536.54
C00396,4879 MQin Cir,,Dallas,TX,75001,04/07/2024,8600.22
C00397,3640 Elm Trl,,Lewisville,TX,75007,2023-12-22,14620.63
C00398,159 S Riverside Dr,,Irving,TX,75004,2023-04-14,7082.31
C00399,5000 Willow Ave,,Addison,TX,75005,2023/01/23,11422.92
C00400,3657 Pine Pkwy,,Allen.,TX,75010,2024/01/18,1064.47
C00401,7733 pillow Lane,Apt 2,Addison,TX,75005,2024/09/09,9041.09
C00402,4227 Hill Crest Road,Apt 2,Dallas,TX,75001,06/21/2023,5139.93
C00403,4128 Main Trl,Unit B,Allen,TX,75010,01/31/2024,924.32
C00404,5316 Main Ave,Unit B,Garland,TX,75003-2950,2024/09/03,5168.72
C00405,6305 Sunset Ct,Apt 2,Plano,TX,75002-5616,2023/08/14,13610.98
C00406,9600 Hill Crest Avenue,Unit B,Plano,TX,75002,01/05/2024,7076.86
C00407,2778 N Hill Crest Lane,,Dallas,TX,75001,2023/11/15,8185.01
C00408,683 Elm Ave,Suite 100,Garland,TX,75003,10/07/2023,3480.80
C00409,572 Sunsrt Pl,,Carrollton,TX,75009,06/01/2023,11047.61
C00410,9274 N Maple Dr,Suite 100,Plano,TX,75002-5059,12/09/2024,13863.54
C00411,7539 Sunset Blvd,Suite 100,Lewisville.,TX,75007,05-16-2024,3935.54
C00412,2264 Pive Ln,,Plano,TX,75002-4666,01-17-2024,2921.55
C00413,7066 WilYow Road,,Dallas.,TX,75001,11/28/2024,9658.46
C00414,5201 Cedar Trail,Apt 2,Irving,TX,75004-2845,10/02/2023,892.31
C00415,2616 Oak Street,,Addison,TX,75005,01-21-2024,11387.67
C00416,7673 Hill-Crest Blvd,Unit B,Plano,TX,75002,2023-03-18,5625.43
C00417,5143 Main Drive,,Addison,TX,75005,02-19-2023,1253.59
C00418,3806 Lake Shore Pl,,Dallas,TX,75001,08-03-2024,9185.65
C00419,6511 Willow Drive,,Dallas,TX,75001,01/04/2024,12671.91
C00420,9851 W Oao Street,,Allen,TX,75010,2024-12-27,10333.56
C00421,8809 Valley-View Drive,,Addison,TX,75005,2024/08/12,702.97
C00422,4728 Cedar Cir,,Richardson,TX,75006,01-01-2023,2784.94
C00423,3563 Cedar Dr,Apt 2,Garland.,TX,75003-9388,09-01-2023,10768.45
C00424,4448 Lake Shore Cir,,Richardson,TX,75006-1549,2024-11-13,677.01
C00425,5240 Lake Shore Dr,Suite 100,Irving,TX,75004,11-18-2023,7975.73
C00426,4707 Riverside Trail,,Dallas,TX,75001,01-30-2024,3569.41
C00427,2670 Willow Ln,,Irving,TX,75004,2023/01/14,11735.27
C00428,4797 Maple Street,,Fort Worth,TX,75008-3213,05/26/2023,1391.69
C00429,6257 Main Ct,Apt 2,Plano,TX,75002,2023-01-14,2161.81
C00430,8650 Maple St,Suite 100,Irving,TX,75004,2024/03/27,2431.18
C00431,5219 Pine Ave,,Fort Worth.,TX,75008-1741,04/13/2023,8001.52
C00432,3165 N Elm Pl,,Fort Worth,TX,75008,2024/09/01,13987.40
C00433,5527 Hill Crest Pl,Suite 100,Lewisville,TX,75007,2023/09/16,2736.11
C00434,1354 Riverside Ct,Suite 100,Garland.,TX,75003,09/13/2024,7242.57
C00435,5814 Hill Crest Road,,Dallas,TX,75001,2023/04/08,12123.52
C00436,3437 W Cedar Pl,Suite 100,Addison.,TX,75005-8949,2024-11-19,11710.42
C00437,5016 N Cedar Circle,,Irving,TX,75004-7981,02/15/2023,1232.63
C00438,8386 S Elm Road,Suite 100,Plano,TX,75002,05-03-2024,3374.87
C00439,6049 E Oak Pkwy,Suite 100,Irving,TX,75004,12/08/2023,2288.08
C00440,2623 Valley View Ct,Unit B,Plano,TX,75002,02/06/2023,5446.95
C00441,3123 Riverside Cir,,Dallas,TX,75001,07/23/2023,7846.55
C00442,4534 Cedar Rd,,Carrollton,TX,75009-9050,2024-03-24,8331.21
C00443,1557 Pine Dr,Suite 100,Plano,TX,75002-1621,2024-04-24,3354.12
C00444,1080 N Sunset Blvd,,Fort Worth,TX,75008,2023/01/27,10644.50
C00445,1590 Main Ln,,Fort Worth,TX,75008,08/09/2023,6400.48
C00446,7128 S Maple Trl,Apt 2,Irving,TX,75004,2024/12/09,14240.12
C00447,6615 Hill Crest Pl,Suite 100,Plano,TX,75002,07-18-2023,14610.59
C00448,5382 Lake Shore Cir,,Addison,TX,75005,2023-11-03,13551.53
C00449,5466 ValleyView Trail,Suite 100,Carrollton,TX,75009,01/31/2024,7370.97
C00450,1194 Elm Trail,,Dallas,TX,75001,2024-06-28,8378.07
C00451,2038 Main Pkwy,,Fort Worth,TX,75008,09/03/2024,2310.79
C00452,8729 S LakeShore Ct,Apt 2,Richardson,TX,75006,2024-07-13,14402.77
C00453,6656 Cedar Trl,,Dallas,TX,75001,06/28/2024,1705.96
C00454,284 ValleyView Pkwy,Suite 100,Irving,TX,75004,08-31-2023,9887.58
C00455,2639 S Pine Rd,,Plano,TX,75002,2023-08-14,2515.22
C00456,6533 S Pine Blvd,,Addison.,TX,75005,05/20/2024,8667.49
C00457,6770 Sunset Lane,Unit B,Addison,TX,75005-8382,2023-04-17,5908.50
C00458,5273 Hill Crest Court,,Irving.,TX,75004,2023/03/30,14665.63
C00459,6190 Valley View Ln,Suite 100,Garland.,TX,75003,2023-02-04,3086.85
C00460,1230 Hill Crest Place,Apt 2,Irving,TX,75004,11-11-2024,7984.12
C00461,9350 Sunset Place,,Carrollton,TX,75009,02/05/2023,9492.08
C00462,9554 Riverside Rd,Suite 100,Allen,TX,75010-7741,2023/08/20,5890.93
C00463,9914 Maple Place,Apt 2,Irving,TX,75004-6509,2023/10/01,12913.71
C00464,8150 N Cedar Street,Suite 100,Irving,TX,75004-3552,06/12/2024,7036.49
C00465,6873 N Cedar Court,,Garland,TX,75003,08/28/2024,12981.44
C00466,9415 Cedar Blvd,,Allen.,TX,75010-6194,03-10-2023,10485.01
C00467,8552 LakeShore Pkwy,Apt 2,Dallas.,TX,75001,2024/05/22,10290.68
C00468,8485 Pine Place,Unit B,Allen,TX,75010,2024/12/09,5614.06
C00469,9571 Sunset Court,,Carrollton,TX,75009-8458,12-19-2023,14699.99
C00470,8810 Riverside Circle,,Addison,TX,75005,2024/10/11,6628.06
C00471,2706 Willow Blvd,,Addison.,TX,75005-2285,05-16-2024,11120.53
C00472,3868 Lake Shore Pkwy,Apt 2,Carrollton.,TX,75009,01/06/2023,3868.28
C00473,6486 N Lake-Shore Road,Suite 100,Dallas.,TX,75001-8566,10-15-2024,1646.81
C00474,5408 Hill Crest Pkwy,Suite 100,Garland.,TX,75003-4720,06/20/2024,8373.78
C00475,336 Maple Pkwy,,Lewisville,TX,75007,2023/03/04,10812.67
C00476,4140 Sunset Drive,Suite 100,Garland.,TX,75003-2811,2024-10-24,7193.39
C00477,8787 Valley View Court,,Plano,TX,75002-5416,08-15-2023,1627.38
C00478,8013 Maple Avenue,Apt 2,Dallas,TX,75001,11-16-2024,11034.77
C00479,6981 Lake Shore Ct,,Garland,TX,75003-2828,09-30-2023,4471.34
C00480,8505 Willow Drive,Unit B,Carrollton,TX,75009,2024/12/21,12448.25
C00481,4645 Hill Crest Place,,Allen,TX,75010-4145,08-07-2024,9562.25
C00482,1965 E Main Cir,Unit B,Fort Worth,TX,75008,08/20/2023,7920.77
C00483,8238 Elm Circle,,Richardson,TX,75006,11-22-2024,10522.75
C00484,9081 Hill Crest Pkwy,Apt 2,Lewisville,TX,75007-9830,05-17-2023,1392.83
C00485,4777 E Willow Blvd,Apt 2,Allen,TX,75010,07/07/2024,6124.05
C00486,5784 Willow Ln,Unit B,Irving.,TX,75004,09-02-2023,13350.53
C00487,1681 Main Avenue,,Addison,TX,75005,2024-06-21,10345.67
C00488,7341 S Main Pl,,Allen.,TX,75010-4462,11/28/2024,3523.16
C00489,5209 Valley View Pl,Suite 100,Richardson,TX,75006-6485,06/02/2024,4478.80
C00490,5910 Main Trl,,Richardson,TX,75006-5974,2024/02/20,9218.34
C00491,2785 Cedar Rd,Suite 100,Fort Worth,TX,75008,2024/03/08,2052.99
C00492,1834 S Riverside Cir,Suite 100,Plano,TX,75002,11/20/2024,14236.57
C00493,4301 Lake Shore Rd,Apt 2,Lewisville,TX,75007,2023/04/12,7778.78
C00494,1769 Willow Trl,Suite 100,Richardson,TX,75006,2024-04-06,13328.84
C00495,1172 LakeShore Rd,,Richardson.,TX,75006-3460,09/04/2023,14123.21
C00496,777 E Hill Crest Street,Unit B,Addison,TX,75005-8145,07/16/2023,3881.48
C00497,4055 E Willow Pkwy,Suite 100,Garland.,TX,75003,03/29/2024,9947.76
C00498,7888 Pine Pkwy,Suite 100,Plano,TX,75002-1664,07-08-2024,5091.93
C00499,8629 Oak Circle,Apt 2,Richardson,TX,75006-9405,2024/08/18,14479.09
C00500,8972 Sunset Court,Apt 2,Richardson,TX,75006,2023/06/18,4280.39
C00501,5471 S Pine Street,,Garland,TX,75003-3508,2024/05/20,8101.11
C00502,3027 Cedar Avenue,Apt 2,Lewisville,TX,75007-5315,10-04-2024,3062.22
C00503,806 Main Road,,Carrollton,TX,75009,2024-07-19,11022.99
C00504,134 Riverside Lane,Apt 2,Allen.,TX,75010,2023-05-02,10898.77
C00505,9245 N Lake Shore Avenue,Unit B,Addison,TX,75005,2024-04-30,4999.71
C00506,3407 Main Pkwy,,Fort Worth,TX,75008-5761,2024-11-27,10855.79
C00507,2955 ValleyView Pkwy,Unit B,Irving.,TX,75004,2024/01/14,14004.29
C00508,384 SunseJ Dr,,Lewisville,TX,75007,07/03/2023,7762.41
C00509,8995 N Valley View Blvd,,Plano,TX,75002,2023-03-19,10674.89
C00510,4502 Valley View Boulevard,,Irving,TX,75004,2023/02/01,12682.15
C00511,1429 Maple Rd,,Garland.,TX,75003-3924,2024/03/23,1620.12
C00512,8170 Hill Crest Ave,,Dallas,TX,75001-3572,05/25/2024,4435.91
C00513,1918 Lake Shore Place,Apt 2,Irving,TX,75004-8355,09-27-2023,2997.74
C00514,9520 Elm Lane,Apt 2,Plano,TX,75002,08/30/2023,11678.04
C00515,9222 W Willow Place,Apt 2,Addison,TX,75005,05/02/2023,5572.71
C00516,6626 ValleyView Ave,Apt 2,Richardson,TX,75006,2023/11/06,8830.43
C00517,3164 Maple Avenue,,Garland.,TX,75003,2024-11-01,9485.78
C00518,7968 N Valley View Dr,,Allen,TX,75010,02/25/2023,1570.75
C00519,7614 Cedar Cir,Suite 100,Richardson,TX,75006-6022,2024-10-19,5602.02
C00520,8027 Riverside Pkwy,Unit B,Garland,TX,75003,10/08/2024,9056.53
C00521,7050 Lake Shore Ct,Suite 100,Dallas,TX,75001,05/30/2024,5336.18
C00522,2124 Sunset Street,,Addison,TX,75005,04/10/2024,6050.17
C00523,4387 Hill Crest Place,,Addison,TX,75005,10-05-2024,4005.26
C00524,4534 Oak Blvd,,Plano.,TX,75002,01/18/2024,4749.78
C00525,9113 PYne Rd,Unit B,Fort Worth,TX,75008-1837,11/17/2024,11077.78
C00526,1979 Main Pl,Unit B,Plano,TX,75002,2023/11/11,1330.78
C00527,2778 Lake Shore St,,Lewisville,TX,75007,2024-07-15,14187.08
C00528,668 N Riverside Avenue,Suite 100,Allen,TX,75010-5318,2023-06-11,6491.20
C00529,3197 Maple Circle,Suite 100,Irving,TX,75004,02/10/2023,6707.97
C00530,2425 N Elm Lane,,Carrollton,TX,75009,2024-07-09,5601.70
C00531,6477 Riverside Street,,Dallas.,TX,75001,08/13/2024,3702.54
C00532,3124 Maple Road,Suite 100,Carrollton,TX,75009,09/11/2023,8997.93
C00533,4065 Riverside Boulevard,,Allen,TX,75010-4566,2024/10/04,8417.55
C00534,420 Main Dr,,Addison,TX,75005,2024/02/17,4205.95
C00535,9172 ValleyView Rd,Suite 100,Garland,TX,75003-6982,2024/12/19,3366.22
C00536,7883 Sunset Trl,Apt 2,Richardson,TX,75006,08-11-2023,8720.08
C00537,7987 Cedar Cir,Apt 2,Lewisville,TX,75007,2024/08/07,14826.12
C00538,8833 Oak Lane,,Dallas,TX,75001,08/15/2023,14504.22
C00539,5765 Valley View Ln,Unit B,Addison,TX,75005-6276,04/03/2024,11602.08
C00540,6588 Lake-Shore Blvd,,Irving,TX,75004,2024-06-20,9939.08
C00541,8370 S Valley View Road,Apt 2,Fort Worth,TX,75008,2023-04-09,11805.98
C00542,4271 Elm Cir,Apt 2,Plano.,TX,75002-9118,07/26/2023,777.86
C00543,8318 Elm Dr,,Fort Worth,TX,75008,2023-02-01,2449.32
C00544,2331 Main Avenue,Unit B,Plano,TX,75002,2023-06-06,4979.51
C00545,3493 Willow Pl,,Lewisville,TX,75007,12/18/2024,5656.32
C00546,4585 N Main Circle,,Addison.,TX,75005,2023-05-13,9848.25
C00547,5170 Cedar Pl,Suite 100,Fort Worth.,TX,75008,2024-03-26,10392.14
C00548,2142 Elm Pl,Apt 2,Richardson,TX,75006-6003,12-21-2024,7962.41
C00549,3247 Valley Vew Avenue,Suite 100,Allen.,TX,75010,2023-02-20,8776.92
C00550,2527 Main Drive,,Plano,TX,75002-2229,2024-04-28,13710.26
C00551,503 S Elm Blvd,,Dallas,TX,75001,2023-04-04,2244.81
C00552,7047 Main Pkwy,,Fort Worth,TX,75008,2023/07/30,5487.74
C00553,5213 Main Ave,Apt 2,Addison,TX,75005,12/05/2023,1787.07
C00554,718 Elm Avenue,,Lewisville,TX,75007,01/14/2023,13098.68
C00555,1100 Sunset Ave,,Lewisville,TX,75007,2023/11/22,8994.26
C00556,4995 Maple Trl,,Dallas,TX,75001,2024/07/25,689.06
C00557,5346 Hillcrest Ave,Apt 2,Carrollton,TX,75009-2279,04/23/2023,4342.14
C00558,8808 Elm Pkwy,Suite 100,Garland,TX,75003,2024-09-20,9887.04
C00559,9342 Riverside Boulevard,Suite 100,Garland,TX,75003,2024-03-09,4252.62
C00560,4560 Sunset Ln,Apt 2,Lewisville.,TX,75007,2024-03-04,4436.70
C00561,4649 Riverside Place,Unit B,Plano.,TX,75002,2024/03/09,12718.03
C00562,7314 Hill Crest Dr,Suite 100,Plano.,TX,75002-7631,2023-09-27,14193.12
C00563,1996 Riverside Blvd,Unit B,Fort Worth,TX,75008-7236,06/05/2023,13589.98
C00564,8578 Pine Ct,,Addison,TX,75005,2023/10/06,11589.61
C00565,5995 Sunset Road,Suite 100,Garland.,TX,75003-3662,2023/12/19,2609.76
C00566,7949 Elv Road,,Plano.,TX,75002,04/26/2024,2874.31
C00567,4757 Elm Pl,,Addison,TX,75005,2023/08/02,4743.43
C00568,3651 Cedar Ln,,Allen,TX,75010,09/17/2024,13752.34
C00569,3989 S Main Rd,Suite 100,Richardson,TX,75006-8248,08-09-2023,7582.86
C00570,3096 Valley Vew Rd,Unit B,Dallas,TX,75001-7952,2023-08-26,1336.35
C00571,3952 ValleyView Dr,Unit B,Richardson,TX,75006,2023/09/17,14370.44
C00572,1406 Valley View Lane,,Dallas.,TX,75001,08/15/2024,7745.40
C00573,8899 Maple Ln,Apt 2,Richardson,TX,75006-5563,2023/02/01,13399.61
C00574,3122 Oak Lane,Suite 100,Richardson.,TX,75006,01/12/2024,7098.66
C00575,4134 Maple Ave,,Lewisville,TX,75007,08/04/2023,11088.02
C00576,8751 E Main Court,Unit B,Dallas,TX,75001,2023-09-11,4276.01
C00577,9351 Main Street,,Irving,TX,75004,2023/06/14,13879.43
C00578,8990 Maple Drive,Unit B,Garland,TX,75003-1443,02/14/2024,6034.77
C00579,8440 Willow Court,Apt 2,Richardson,TX,75006,2023-12-22,3652.87
C00580,1597 Riverside Circle,Apt 2,Garland.,TX,75003,2023/10/12,10698.64
C00581,4301 S Cedar Boulevard,Apt 2,Dallas,TX,75001,2023-01-25,1210.87
C00582,2098 Sunset Trail,Unit B,Garland,TX,75003-4053,07/06/2023,3951.41
C00583,5030 Elm Place,Apt 2,Dallas,TX,75001,02-10-2024,2023.74
C00584,5637 Pine Rd,Apt 2,Fort Worth.,TX,75008,05-28-2024,7739.78
C00585,772 Riverside Ave,,Richardson.,TX,75006-5242,12/15/2024,9197.73
C00586,2750 Cedab Street,,Plano,TX,75002,2023-09-07,7966.72
C00587,6731 Hill Crest Pkwy,,Richardson,TX,75006-1314,07/06/2024,8139.51
C00588,2921 Sunset Street,,Fort Worth,TX,75008-2276,05/14/2023,1040.73
C00589,9990 Main Ct,Apt 2,Fort Worth.,TX,75008,11/11/2023,13599.11
C00590,2564 Willow Drive,Unit B,Fort Worth,TX,75008,2024/02/23,8612.02
C00591,4897 Cedar Ln,Apt 2,Fort Worth,TX,75008,05-11-2024,7397.51
C00592,8484 Oak Ave,Unit B,Richardson,TX,75006-6523,11-16-2024,1757.59
C00593,3951 Elm Ave,Suite 100,Allen,TX,75010,07/12/2024,13731.29
C00594,9881 Willow St,,Fort Worth,TX,75008-9793,2023/02/09,3115.08
C00595,1007 Riverside Ln,Unit B,Irving,TX,75004,2023-10-05,5567.25
C00596,7642 Main Ave,Unit B,Richardson.,TX,75006-3243,2023-05-15,6395.92
C00597,210 N Pine Pkwy,Unit B,Dallas.,TX,75001,2023-07-07,13780.32
C00598,4416 Valley View Blvd,Suite 100,Lewisville.,TX,75007-1405,07/04/2024,6732.70
C00599,4583 S Lake-Shore Circle,Apt 2,Plano,TX,75002,07-18-2024,14599.98
C00600,1938 N Sunset Ln,,Carrollton.,TX,75009,2024-06-15,7518.81
C00601,4304 Sunset Pkwy,,Irving.,TX,75004,12/26/2024,9214.09
C00602,1094 Cedar Court,,Irving.,TX,75004-5664,2023-03-06,1103.72
C00603,4489 Main Ave,Suite 100,Lewisville,TX,75007,2023-01-23,12819.68
C00604,4154 Cedar Drive,Apt 2,Irving,TX,75004,2024-09-05,11537.33
C00605,4185 Sunset Boulevard,Suite 100,Carrollton,TX,75009,04/29/2024,2884.06
C00606,5865 Elm St,,Carrollton,TX,75009,2024-02-25,6998.74
C00607,4791 Willow Circle,,Allen,TX,75010-4614,08/31/2023,1823.26
C00608,602 Valley-View Trail,Unit B,Garland,TX,75003-4791,02/07/2023,8828.51
C00609,6494 Oax St,,Plano,TX,75002,2024/09/22,5761.77
C00610,6749 Elm St,Unit B,Irving,TX,75004,2024/02/05,689.43
C00611,2916 Elm Pl,,Irving,TX,75004-5577,12-01-2023,1977.95
C00612,3430 Riverside Blvd,,Carrollton,TX,75009,10/23/2024,7607.73
C00613,5264 Valley View Court,,Fort Worth,TX,75008,11-07-2024,3505.49
C00614,909 Sunset Drive,Unit B,Allen.,TX,75010-7595,2023/08/19,1542.42
C00615,8242 Riverside Court,,Addison,TX,75005,2023-06-16,8489.50
C00616,6826 E Main Place,,Carrollton,TX,75009-7858,09-12-2024,6542.07
C00617,8202 Valley View Ln,,Plano.,TX,75002-5130,03/23/2023,1700.43
C00618,2797 Elm Dr,,Irving,TX,75004,11-17-2024,8475.25
C00619,9537 LakeShore Road,Unit B,Carrollton.,TX,75009,09-07-2023,874.55
C00620,809 Riverside Pkwy,,Garland,TX,75003,01-03-2023,11312.57
C00621,9923 Sunset Pkwy,,Fort Worth,TX,75008,09-26-2024,12363.66
C00622,9172 Willow Circle,,Addison,TX,75005,03-25-2024,12720.19
C00623,9902 Valley View Pl,,Fort Worth,TX,75008,2024/01/29,5913.11
C00624,9425 Elm Trail,Suite 100,Plano,TX,75002,12-04-2024,12732.01
C00625,5828 Cedar Pl,,Garland,TX,75003,02/26/2024,7815.97
C00626,5695 Elm Lane,Suite 100,Irving,TX,75004-8261,2024/09/10,3474.34
C00627,1650 Riverside Road,,Irving.,TX,75004,10/29/2024,14382.70
C00628,1030 Cedar Pkwy,Suite 100,Lewisville.,TX,75007,05-29-2023,10122.79
C00629,6940 Maple Boulevard,,Addison,TX,75005,01-01-2023,2452.86
C00630,9722 Hill Crest Boulevard,,Fort Worth.,TX,75008,12/13/2023,4747.83
C00631,9101 Cedar Avenue,Unit B,Allen,TX,75010,07-13-2024,4969.89
C00632,8616 Lake-Shore Court,Suite 100,Addison,TX,75005-8781,09-28-2024,6178.39
C00633,4654 Oak Place,Suite 100,Fort Worth,TX,75008,2024/03/02,4805.40
C00634,1751 Pine Cir,,Addison,TX,75005,2023/01/21,1240.31
C00635,2355 Oak Cir,,Fort Worth.,TX,75008,2024-11-04,7128.61
C00636,8750 LakeShore Road,,Carrollton,TX,75009-9091,02/05/2024,2799.27
C00637,8448 Sunset Court,,Richardson,TX,75006-6888,2023/04/27,6705.27
C00638,1742 S Hill-Crest Lane,Suite 100,Lewisville,TX,75007,2023/07/08,14250.61
C00639,2139 Cedar Court,,Richardson.,TX,75006-2721,04-22-2024,7638.73
C00640,4473 N Oak Circle,,Fort Worth,TX,75008,01/01/2023,14435.22
C00641,3652 Sunset Pl,Apt 2,Dallas,TX,75001,03-22-2024,14151.64
C00642,4548 Main Trl,Suite 100,Carrollton,TX,75009,2023/04/21,13486.24
C00643,7584 Oak Dr,,Lewisville,TX,75007,07/05/2023,4275.43
C00644,3908 W Main Trl,,Carrollton,TX,75009-1835,11/10/2023,7666.27
C00645,2961 Main Lane,Suite 100,Garland,TX,75003-2943,2024/12/04,8677.73
C00646,5580 OKk Trl,,Richardson.,TX,75006,07/23/2024,4559.83
C00647,4508 N Lake Shore Cir,Unit B,Richardson,TX,75006,12-08-2023,8868.32
C00648,1141 Main Blvd,Apt 2,Lewisville,TX,75007,2023-01-23,12369.11
C00649,3396 Lake Shore St,Unit B,Plano,TX,75002,03/25/2024,1098.52
C00650,7971 Pine Place,Suite 100,Richardson,TX,75006,2024/05/02,2111.00
C00651,6578 Cedar Circle,,Addison,TX,75005,02-21-2024,3976.63
C00652,8211 Elm Circle,Apt 2,Richardson,TX,75006,2024/06/22,6955.47
C00653,5298 W Hill-Crest Ln,Apt 2,Fort Worth,TX,75008,2023/08/27,7058.76
C00654,7842 Oak Pkwy,Unit B,Lewisville,TX,75007,2023-07-21,9789.17
C00655,2456 Valley View Ln,Suite 100,Addison,TX,75005,12-09-2023,13108.54
C00656,3546 Cedar Trl,Unit B,Plano,TX,75002,2023/07/26,8616.72
C00657,6243 Maple Lane,Apt 2,Dallas.,TX,75001-9071,08-25-2023,11062.42
C00658,485 LakeShore Ct,,Fort Worth,TX,75008-4385,05/26/2024,6712.75
C00659,6615 S Riverside Road,,Plano.,TX,75002,11-06-2024,906.52
C00660,899 Lake-Shore Drive,,Garland,TX,75003-2272,01/17/2023,11747.55
C00661,253 Valy View Court,Apt 2,Irving,TX,75004-6752,2024-02-03,13552.89
C00662,3947 Sunset Ave,,Plano,TX,75002,01/27/2023,4048.18
C00663,3761 Elf Blvd,Suite 100,Carrollton.,TX,75009-3381,08/16/2024,3490.56
C00664,9602 Valley-View Place,Suite 100,Irving,TX,75004,2024/07/19,11305.27
C00665,6183 Hill Crest Trail,,Lewisville,TX,75007,08-12-2023,14568.02
C00666,248 Lakke Shore Drive,,Allen,TX,75010,01-21-2024,3309.64
C00667,1195 Valley View Boulevard,,Plano,TX,75002,2023/12/19,4231.37
C00668,1979 ValleyView Ln,,Dallas.,TX,75001,2023/04/21,13808.25
C00669,171 Pine Boulevard,,Plano,TX,75002,2023-03-20,7519.04
C00670,291 RiverMide Ln,,Garland,TX,75003,2023/03/06,6222.28
C00671,9885 Hill Crest Court,Apt 2,Richardson.,TX,75006,06/15/2023,10243.89
C00672,1932 S Willow Drive,Suite 100,Lewisville,TX,75007-4837,2024-10-09,11827.58
C00673,7912 Pine St,,Irving,TX,75004,2024-02-28,3665.39
C00674,5890 LakeShore Boulevard,Apt 2,Garland,TX,75003,2024-01-09,2359.12
C00675,3403 Pine Cir,Unit B,Dallas,TX,75001,03/17/2023,2439.80
C00676,6151 Pine Circle,Unit B,Dallas.,TX,75001,2023/04/14,7392.50
C00677,6036 Pine Pl,,Dallas,TX,75001,01-23-2023,2018.66
C00678,1346 Main Lane,Suite 100,Allen,TX,75010,11/08/2024,7149.99
C00679,7527 Lakke Shore St,Unit B,Carrollton.,TX,75009,2024/02/18,807.07
C00680,2783 Lake Shore Pl,,Carrollton,TX,75009-1479,07-22-2024,2494.06
C00681,448 Lake-Shore Trail,,Lewisville,TX,75007,02/12/2023,9884.07
C00682,4724 Sunset Circle,,Carrollton,TX,75009-7614,2023-05-05,13368.78
C00683,5453 E Willow Trail,,Richardson.,TX,75006,2024-02-08,6694.14
C00684,121 Willow Trl,Suite 100,Allen,TX,75010,2023-01-10,3725.65
C00685,9341 Pine Pkwy,Unit B,Richardson.,TX,75006,2024/01/30,9416.34
C00686,2297 S Cedar Court,,Garland,TX,75003-4257,2024-04-23,10655.55
C00687,1703 N Riverside Trail,Unit B,Addison,TX,75005,2023-06-19,8297.42
C00688,8928 W Oak Ln,Apt 2,Dallas.,TX,75001,06-28-2024,9895.76
C00689,3198 Maple Pkwy,Apt 2,Carrollton,TX,75009-9941,11/22/2024,6510.34
C00690,907 E Oak Circle,Suite 100,Garland.,TX,75003-7579,03-31-2024,9495.11
C00691,3791 Hill Creset Place,,Addison,TX,75005,09/17/2023,2919.61
C00692,9941 Willow Ave,Unit B,Garland,TX,75003,2023/04/04,4382.73
C00693,2346 Maple Pkwy,Unit B,Lewisville.,TX,75007-4422,05-21-2023,4090.58
C00694,5278 Sunset St,,Lewisville,TX,75007-8546,2023/01/28,3252.30
C00695,8476 Lake Shore Avenue,Suite 100,Allen,TX,75010,2024-02-13,4667.91
C00696,7671 Hill Crest Pkwy,Suite 100,Addison,TX,75005-7987,06/18/2024,12229.82
C00697,8199 Sunset Drive,,Fort Worth,TX,75008,2024/05/04,10221.56
C00698,6148 Main Ln,,Fort Worth.,TX,75008,12/18/2023,3329.85
C00699,3416 Pine Dr,,Dallas.,TX,75001,12-02-2024,9557.20
C00700,7111 Main Drive,Apt 2,Plano,TX,75002,2023/11/07,502.56
C00701,8830 Riverside Circle,Unit B,Richardson,TX,75006,06/02/2023,3709.72
C00702,1808 N Willow Pkwy,Apt 2,Carrollton,TX,75009,12/16/2023,1338.98
C00703,2601 Main Ln,Suite 100,Fort Worth,TX,75008,04/23/2023,6568.24
C00704,7656 S Hill Creset Street,,Fort Worth.,TX,75008,2023/02/17,8274.36
C00705,1596 Valley View Pkwy,Unit B,Addison,TX,75005,2024-10-09,3518.20
C00706,9670 CedaO Court,,Garland,TX,75003-8948,10-02-2024,10523.88
C00707,761 Elm St,Suite 100,Addison,TX,75005-7572,2023/11/09,14544.74
C00708,1075 ValleyView Ave,,Fort Worth,TX,75008,2024/03/15,2156.69
C00709,6132 N Riverside Pl,Unit B,Dallas,TX,75001-7098,2024/02/01,4613.78
C00710,1294 Sunset Avenue,Apt 2,Fort Worth,TX,75008,2023/02/16,4300.07
C00711,3670 Oak Boulevard,,Richardson,TX,75006,04/18/2024,3695.21
C00712,6254 Main Blvd,Unit B,Plano,TX,75002,01/10/2024,10545.10
C00713,4482 Cedar Blvd,,Addison,TX,75005-1884,2023-03-09,10303.12
C00714,8039 Pine Road,Apt 2,Irving.,TX,75004,10/03/2024,3814.78
C00715,6354 ValleyView Road,,Addison.,TX,75005,06-28-2024,6368.04
C00716,8225 Xaple Avenue,Suite 100,Allen,TX,75010,2024/03/22,1677.78
C00717,9727 Oak Pl,,Carrollton,TX,75009,2024/10/28,13630.23
C00718,6043 Willow Pl,Apt 2,Plano,TX,75002,2024/05/11,11493.46
C00719,7771 Sunset Ct,,Dallas,TX,75001,03-29-2024,9280.28
C00720,4099 Pine Circle,,Fort Worth.,TX,75008,04/08/2023,10693.37
C00721,8257 Lake Shore Circle,,Addison,TX,75005-5561,2023/06/21,12369.18
C00722,6805 Cedar Court,,Carrollton,TX,75009,2023/02/13,2434.00
C00723,4914 Pine Place,Suite 100,Garland,TX,75003,2024/02/19,8191.50
C00724,3194 Oak Ln,,Addison,TX,75005,03-30-2023,4202.37
C00725,6154 Pine Pkwy,Apt 2,Carrollton,TX,75009,2023-10-07,8283.33
C00726,3089 Cedar Ave,Apt 2,Garland.,TX,75003-8514,2024/04/18,3723.78
C00727,5648 S Hillcrest Boulevard,Suite 100,Lewisville.,TX,75007,2024-10-09,7603.84
C00728,1990 Maple Ln,Suite 100,Allen,TX,75010,2023-03-07,8501.28
C00729,3068 Elm Blvd,Apt 2,Allen,TX,75010,2024/01/27,8280.63
C00730,9801 E Cedar Road,Suite 100,Dallas.,TX,75001-6499,2023/11/12,7062.09
C00731,470 Maple Pl,Apt 2,Plano,TX,75002,06/05/2023,6012.56
C00732,7248 Main Ln,Suite 100,Allen,TX,75010,04-26-2023,8351.00
C00733,4605 Elm Trl,,Irving,TX,75004,03/12/2023,3710.19
C00734,8717 Riverside Pkwy,,Richardson,TX,75006,06/03/2024,10243.48
C00735,6508 Maple Road,Unit B,Addison.,TX,75005,2024-11-28,4205.90
C00736,4105 Willow St,,Plano.,TX,75002,2023/03/03,8131.44
C00737,2798 Hill Creset Road,Unit B,Carrollton,TX,75009,11-11-2024,4762.76
C00738,2595 Main Avenue,,Carrollton,TX,75009,2023/06/20,6822.60
C00739,989 Main Dr,,Plano,TX,75002,2023/11/29,8432.28
C00740,4750 E Main Pkwy,,Irving.,TX,75004,2024-10-31,14637.64
C00741,286 Valley Vew Ct,,Addison,TX,75005,2024/10/10,10618.07
C00742,1193 Cedar Pkwy,,Addison,TX,75005,06-16-2024,5960.68
C00743,8463 Willow Ln,Unit B,Carrollton,TX,75009,10/09/2023,3996.84
C00744,5910 E LakeShore St,Unit B,Carrollton,TX,75009,2023/02/13,13997.90
C00745,3629 Lakke Shore Road,,Irving,TX,75004,07-13-2024,6884.27
C00746,867 Hill Crest Drive,Unit B,Irving.,TX,75004,07-17-2023,11350.06
C00747,6878 Cedar Trail,Suite 100,Carrollton,TX,75009-2431,05-03-2024,9239.49
C00748,3962 Sunsbt Avenue,Unit B,Lewisville,TX,75007-2598,03/24/2024,10997.49
C00749,5186 Hill Crest Drive,Unit B,Lewisville,TX,75007,2024-07-18,5767.93
C00750,1308 Willow Lane,,Garland,TX,75003-4381,2024/03/29,6787.81
C00751,7975 Valley View Ct,Unit B,Dallas,TX,75001-6894,03-11-2023,1639.16
C00752,221 Main Court,,Carrollton.,TX,75009,07-20-2023,10562.99
C00753,9872 Sunset Ln,Unit B,Richardson.,TX,75006,01-29-2023,4487.68
C00754,9295 Cedar Lane,Apt 2,Garland,TX,75003,2023/01/17,13325.80
C00755,1890 Lake Shore Boulevard,,Carrollton.,TX,75009,03-25-2023,10202.17
C00756,9295 E Lake Shore Ave,Unit B,Garland,TX,75003,02-18-2024,1739.94
C00757,5247 Lake Shore Drive,Unit B,Plano,TX,75002,2023-02-23,9043.54
C00758,2044 Oak Avenue,Unit B,Allen,TX,75010,2023-03-03,11244.03
C00759,9186 Willow Pl,Unit B,Fort Worth,TX,75008,12/05/2024,6156.93
C00760,2973 Sunset Street,,Dallas,TX,75001-9155,12/11/2024,7229.11
C00761,9691 Lakke Shore Road,,Lewisville,TX,75007,03-03-2023,1595.51
C00762,4000 Cedar Road,,Irving,TX,75004,09-07-2023,13756.75
C00763,7883 Oak Court,Suite 100,Fort Worth,TX,75008-6255,07-15-2023,12325.13
C00764,4024 Pine Street,,Richardson,TX,75006,2023/10/17,526.54
C00765,6288 Pine Circle,,Dallas,TX,75001-1225,12-11-2024,2917.65
C00766,2833 Oak Blvd,,Dallas,TX,75001-2972,2023-01-04,3299.24
C00767,3106 Maple Ave,Apt 2,Plano,TX,75002,02-26-2024,9980.17
C00768,5977 Cedar Trail,,Plano,TX,75002-1864,06-27-2023,14062.72
C00769,8831 Maple Ave,Unit B,Lewisville.,TX,75007,2024-01-22,4827.81
C00770,6950 Riverside Trail,,Fort Worth.,TX,75008-5577,12/31/2023,3311.11
C00771,9148 Maple Ct,Apt 2,Garland,TX,75003,09/28/2024,8431.11
C00772,7516 Sunset Cir,Suite 100,Plano.,TX,75002-4541,06-07-2023,3275.15
C00773,7155 Oak St,Suite 100,Garland,TX,75003-9917,08/12/2023,10218.27
C00774,7122 W Sunset Trail,,Plano,TX,75002,2023-03-28,4361.64
C00775,2368 Maple Circle,,Dallas,TX,75001,12/31/2024,9398.48
C00776,805 Valley Vew Ave,Unit B,Richardson,TX,75006,2023/10/30,5552.09
C00777,8315 Elm Ct,,Irving,TX,75004,12-17-2023,1599.62
C00778,8358 Main Rd,Suite 100,Irving,TX,75004,2023/09/24,6836.75
C00779,3405 Main Pl,,Addison,TX,75005,07/25/2024,6635.45
C00780,5649 Pine Street,,Irving,TX,75004,09/09/2023,1615.27
C00781,7891 Hill Crest Road,Suite 100,Lewisville,TX,75007,2023/08/13,10109.07
C00782,1217 Elm Trail,Apt 2,Plano,TX,75002-1527,01-02-2023,8882.09
C00783,4457 Cedar Rd,Apt 2,Richardson,TX,75006,08/29/2023,11849.52
C00784,8475 W Riverside St,Suite 100,Richardson.,TX,75006,10/07/2024,3363.48
C00785,9439 Sunset Ct,,Lewisville,TX,75007-9478,01/14/2023,7634.05
C00786,8648 Hill Crest Ave,,Garland,TX,75003-7404,2023/03/25,6402.91
C00787,6628 Riverside Dr,,Carrollton,TX,75009,05-12-2024,5113.75
C00788,5805 Elm Trail,Suite 100,Lewisville,TX,75007,04-09-2023,12941.50
C00789,8983 Riverside Ave,Suite 100,Addison,TX,75005,2023/03/21,9608.57
C00790,8060 Pine Dr,,Allen.,TX,75010,09-07-2024,13550.50
C00791,263 Pine Boulevard,,Allen.,TX,75010-4016,2024-10-13,670.23
C00792,4535 W Pine Court,,Plano,TX,75002,05-01-2023,7115.50
C00793,456 Sunset Blvd,Unit B,Dallas,TX,75001,03-29-2023,11853.48
C00794,8923 Sunset Ave,,Dallas,TX,75001-9888,2024/07/30,6944.22
C00795,5603 Riverside Street,,Richardson,TX,75006-7904,09-14-2024,12823.39
C00796,3973 Sunset Drive,Apt 2,Allen,TX,75010,2024-06-21,5978.36
C00797,6631 Sunset Lane,Suite 100,Garland,TX,75003,03/29/2023,1590.53
C00798,6012 Lake Shore Place,Suite 100,Addison.,TX,75005,09-09-2023,12692.42
C00799,2547 Valley View Blvd,,Garland,TX,75003,12/01/2023,10040.01
C00800,7949 Sunset Court,,Carrollton,TX,75009,2023-05-19,10282.89
C00801,4351 Main Drive,,Garland,TX,75003,2024/12/19,13914.71
C00802,6590 Willow Avenue,,Plano,TX,75002,2023-03-28,11076.56
C00803,7523 LakeShore St,Apt 2,Dallas.,TX,75001,2023/08/23,13849.89
C00804,5190 Maple Pkwy,Apt 2,Plano,TX,75002,2023/04/15,12361.07
C00805,4318 Oak Place,Unit B,Carrollton.,TX,75009-5374,2023-03-05,10823.25
C00806,9700 Riverside Drive,Unit B,Carrollton,TX,75009,2024-05-13,841.11
C00807,6054 Pine Lane,,Irving.,TX,75004,05-04-2023,8114.90
C00808,5892 Cedar Cir,Unit B,Richardson,TX,75006,05/30/2023,2528.80
C00809,7681 Riverside Pkwy,Apt 2,Allen.,TX,75010-1018,2024/05/22,4549.26
C00810,3799 LakeShore Cir,,Carrollton.,TX,75009,02/12/2024,6085.23
C00811,9905 Willow Trl,Unit B,Lewisville,TX,75007,2024-03-24,9580.57
C00812,7664 Valley Vew Circle,Apt 2,Garland,TX,75003-8392,11/12/2024,14273.27
C00813,6178 Hill Crest Trl,Suite 100,Addison,TX,75005,2024/01/06,2434.29
C00814,618 Elm Place,,Richardson,TX,75006,2023/01/01,10938.91
C00815,642 Ely Cir,Apt 2,Carrollton,TX,75009,2024/02/07,1079.32
C00816,8158 Willow Street,Apt 2,Addison,TX,75005,2023/08/08,942.97
C00817,7602 N Cedar Trail,,Fort Worth.,TX,75008,2024-03-09,10022.63
C00818,6456 N Cedar Dr,Suite 100,Fort Worth.,TX,75008-6293,04/05/2023,11911.90
C00819,8521 Hill-Crest Lane,,Richardson.,TX,75006,2023-08-29,8725.68
C00820,4489 Willow Trail,Apt 2,Irving,TX,75004-4762,2024-08-18,8177.44
C00821,5628 E Sunset St,Apt 2,Richardson,TX,75006,01/16/2023,5728.96
C00822,4342 Valley View Ln,Apt 2,Carrollton,TX,75009-6030,2023-02-08,3926.63
C00823,4266 S Valley View Court,Unit B,Lewisville,TX,75007-8337,04-14-2024,864.16
C00824,6459 Main Drive,,Carrollton.,TX,75009-9436,2023-12-14,7807.77
C00825,6773 CEdar Ave,,Richardson,TX,75006,2023-08-14,812.28
C00826,2668 Hill Crest Lane,,Fort Worth,TX,75008,03-04-2024,3220.90
C00827,8668 W Pine Street,,Addison.,TX,75005-4530,2023-03-15,12247.45
C00828,4020 Willow Place,Apt 2,Richardson,TX,75006,2024-04-08,14277.85
C00829,8215 N LakeShore Lane,,Lewisville,TX,75007-9025,10/14/2023,5859.82
C00830,5872 Sunset Blvd,Apt 2,Garland,TX,75003,05/05/2023,4222.32
C00831,2269 Valley Vew Trail,,Addison,TX,75005,2024/10/11,1842.81
C00832,6539 S Valy View Blvd,,Richardson,TX,75006-9617,05-23-2024,2591.24
C00833,4331 Willow Road,,Lewisville.,TX,75007-8774,05-22-2024,12353.48
C00834,3471 Elm Avenue,,Richardson,TX,75006-8516,2024/04/25,1096.48
C00835,3401 Pine Cir,Suite 100,Addison.,TX,75005-8685,2024/01/15,12057.22
C00836,4662 Maple Street,Suite 100,Allen.,TX,75010,2023-12-23,2707.82
C00837,3755 Lake-Shore Ct,,Lewisville,TX,75007,12-25-2023,13689.29
C00838,2316 S Hill Crest Ln,Apt 2,Richardson,TX,75006,2024/12/24,8198.04
C00839,7821 Main Street,Unit B,Garland,TX,75003-4147,08-06-2023,5979.40
C00840,1408 Riverside St,Unit B,Irving,TX,75004,05/24/2024,8364.78
C00841,7474 Oak Road,Apt 2,Allen.,TX,75010,09/09/2023,11274.22
C00842,4664 Riverside Road,,Plano,TX,75002,09/27/2023,7883.29
C00843,2795 Oak Pkwy,Apt 2,Fort Worth,TX,75008-8504,05/18/2024,4078.91
C00844,8846 Valley View Pkwy,Apt 2,Plano,TX,75002,04-09-2024,13487.16
C00845,896 Main Pkwy,,Carrollton.,TX,75009,2023/01/19,4616.80
C00846,9254 Pine Ave,,Carrollton.,TX,75009-9993,06-28-2024,12858.96
C00847,2751 Pine Dr,Suite 100,Irving,TX,75004,2024-06-30,13367.55
C00848,7529 Valley View Rd,,Richardson,TX,75006,09-19-2024,3723.95
C00849,9009 N Willow Rd,Suite 100,Richardson.,TX,75006-3316,2024-11-21,6361.51
C00850,266 Cedar Pkwy,,Irving,TX,75004,02-25-2024,9160.24
C00851,1711 Main St,Unit B,Lewisville,TX,75007-2942,10/27/2023,14899.44
C00852,4952 Maple Dr,Suite 100,Carrollton,TX,75009,12-04-2023,2321.54
C00853,3255 Pine St,,Fort Worth,TX,75008-7427,07/12/2023,4827.09
C00854,9167 Pine Rd,Unit B,Lewisville,TX,75007-8061,08/10/2023,1456.16
C00855,9610 LakeShore Pkwy,Suite 100,Allen,TX,75010-5439,12-10-2024,8225.61
C00856,8604 Willow Blvd,,Carrollton,TX,75009,11-11-2024,703.88
C00857,4291 Sunset Pl,,Addison,TX,75005-4679,2024/09/25,7234.72
C00858,7105 Pine Rd,,Addison,TX,75005,2024-02-14,4210.50
C00859,7726 Hill Crest Ave,,Plano,TX,75002,2024-01-11,6780.30
C00860,276 Valy View Ct,Suite 100,Richardson.,TX,75006,2024/08/05,1634.99
C00861,6780 E Pine Dr,Apt 2,Carrollton.,TX,75009-4764,2024-10-18,8760.80
C00862,1828 Cedar Blvd,,Carrollton,TX,75009-4175,2024/01/12,5335.59
C00863,7221 Elm Pl,,Carrollton,TX,75009,2024/06/21,4354.24
C00864,7924 Maple Circle,,Richardson,TX,75006-6428,2024-04-15,8649.94
C00865,1991 Willow Lane,Apt 2,Irving,TX,75004-8521,08/05/2023,12075.89
C00866,4324 Oak Cir,Unit B,Allen,TX,75010-3595,2024-08-17,11726.83
C00867,5516 Maple Avenue,Unit B,Addison,TX,75005,2023/08/21,8035.34
C00868,9795 Hill Crest Ln,Unit B,Richardson,TX,75006-7172,2023-09-21,11386.99
C00869,1784 Lake Shore Lane,,Richardson.,TX,75006,2023/09/06,13048.83
C00870,3937 Lake Shore Ct,,Richardson,TX,75006,02-27-2024,3288.64
C00871,8762 Riverside Ct,,Richardson,TX,75006-2503,2024-03-01,929.65
C00872,849 Mamn Trail,Unit B,Garland,TX,75003,2024/09/30,4970.32
C00873,2106 Cedar Court,Apt 2,Fort Worth,TX,75008,01-04-2024,13134.94
C00874,9453 Lake Shore Pl,,Irving,TX,75004,2024-09-21,11866.75
C00875,2544 Sunset Street,,Richardson,TX,75006,04-05-2023,6917.70
C00876,4023 Riverside Lane,Suite 100,Lewisville,TX,75007,02-25-2024,8685.50
C00877,3570 Pine Cir,Suite 100,Dallas,TX,75001,2023-08-23,8285.66
C00878,2384 Elm Boulevard,,Irving,TX,75004-4978,02/11/2023,2828.95
C00879,5799 Sunset Boulevard,Apt 2,Garland,TX,75003-6754,2024/09/01,5936.81
C00880,6893 Lake Shore Pkwy,,Carrollton.,TX,75009,03/21/2024,5058.83
C00881,7498 Cedar Drive,Unit B,Carrollton,TX,75009-3691,06/19/2024,7996.00
C00882,1519 Lake Shore Place,Unit B,Carrollton,TX,75009,02/08/2024,562.76
C00883,1851 Lake Shore Drive,Apt 2,Plano,TX,75002,01/21/2023,11959.34
C00884,4467 W Main Rd,Unit B,Addison,TX,75005,2024-09-02,11471.95
C00885,3317 N Oak Rd,Suite 100,Allen,TX,75010,2023/09/05,11824.74
C00886,3298 Oak Blvd,Apt 2,Richardson.,TX,75006,07/15/2023,8499.72
C00887,6473 PinJ Blvd,,Fort Worth,TX,75008,11/07/2024,2647.10
C00888,7878 Hill Crest Pkwy,Unit B,Plano.,TX,75002,2023-03-23,3666.72
C00889,3360 Oak Circle,,Dallas,TX,75001-7643,2024/01/24,12154.16
C00890,6769 S Hill-Crest Blvd,Unit B,Addison,TX,75005,2023-07-01,12890.48
C00891,5967 W Valley View Pkwy,,Dallas,TX,75001-8537,05/31/2023,2284.38
C00892,9488 Hill Crest Place,Unit B,Fort Worth,TX,75008-8933,04-21-2023,10882.93
C00893,4841 Lake Shore Rd,Apt 2,Irving,TX,75004,2023/12/15,2007.98
C00894,4543 N bak Blvd,Apt 2,Richardson,TX,75006-1653,06-17-2024,12905.84
C00895,8278 W Hill Crest Ave,,Richardson.,TX,75006,11/20/2024,1702.80
C00896,5464 Sunset Avenue,,Allen.,TX,75010,2024-03-05,3997.89
C00897,5152 Sunset Dr,Apt 2,Garland,TX,75003,2024-06-04,7890.47
C00898,1448 Sunset Avenue,,Addison,TX,75005,2024/02/12,12097.57
C00899,2463 Oak Drive,Unit B,Fort Worth,TX,75008,02/24/2023,9850.06
C00900,2323 N Valley View Dr,,Dallas,TX,75001,2023-01-03,10094.89
C00901,3800 Hill Crest Trail,Unit B,Addison,TX,75005,07-03-2023,12991.39
C00902,221 Oak Pkwy,,Fort Worth,TX,75008-6816,2024-07-10,3876.56
C00903,248 Sunset Circle,Suite 100,Lewisville,TX,75007,09-17-2023,2630.10
C00904,3067 Pine Rd,,Lewisville,TX,75007,05-05-2023,6804.00
C00905,5452 MaplV Cir,,Addison,TX,75005,10/17/2024,1533.59
C00906,1593 Sunset Dr,Suite 100,Garland,TX,75003-9119,06-08-2024,7015.73
C00907,8059 E Riverside Avenue,,Dallas.,TX,75001,10-16-2023,2927.25
C00908,1012 Cedar Place,Unit B,Fort Worth,TX,75008,2024/05/26,14068.17
C00909,474 Elm Place,,Richardson,TX,75006-4952,05/02/2023,829.71
C00910,9646 Sunset Ln,Suite 100,Allen,TX,75010,2024-10-26,12190.35
C00911,9638 Lake Shore Ln,Suite 100,Irving,TX,75004,2023/08/07,7725.11
C00912,820 Lake Shore Cir,,Lewisville.,TX,75007-5750,2023-04-14,14342.28
C00913,3070 LakeShore Pl,Unit B,Lewisville.,TX,75007,2023/02/14,10886.73
C00914,1026 Riverside Trl,,Irving,TX,75004,10-12-2023,12928.30
C00915,4360 Oak Avenue,Apt 2,Richardson.,TX,75006,05-04-2023,8234.53
C00916,3915 Cedar Trail,,Addison,TX,75005-2963,03-18-2023,13921.93
C00917,8680 Maple Court,Unit B,Fort Worth,TX,75008,2024-08-10,10551.02
C00918,9660 N Riverside Ln,Suite 100,Allen,TX,75010-5569,2023-11-25,6392.65
C00919,4163 Maple Drive,,Dallas,TX,75001,2023-08-12,4614.68
C00920,4209 W Mlm Pkwy,,Carrollton,TX,75009,2024/10/03,4207.24
C00921,4204 Maple Trail,,Garland,TX,75003,03-13-2023,4922.98
C00922,3289 Pine Court,Suite 100,Lewisville.,TX,75007,02/20/2024,12196.30
C00923,7531 Hill-Crest Boulevard,Suite 100,Irving,TX,75004-2919,07/22/2024,3628.71
C00924,346 Elm Boulevard,Apt 2,Garland.,TX,75003,2024-11-01,4449.92
C00925,1346 Main Court,Suite 100,Irving.,TX,75004-9973,02/24/2023,8635.08
C00926,218 Lake-Shore Avenue,,Addison.,TX,75005-5501,2024-06-11,687.56
C00927,3954 Riverside Boulevard,Suite 100,Allen,TX,75010-7574,12-15-2023,1533.85
C00928,5719 Elm Road,Suite 100,Allen,TX,75010-5546,2023/02/26,11355.53
C00929,8233 Pine Avenue,,Carrollton,TX,75009,2024-08-05,14022.38
C00930,8928 Pine St,Unit B,Irving,TX,75004-5489,04-07-2024,14039.15
C00931,827 Elm Ct,,Plano,TX,75002,06-30-2023,4792.27
C00932,5281 S Main Pkwy,,Addison.,TX,75005,08/26/2023,4794.27
C00933,2081 Lake-Shore Trl,Apt 2,Allen,TX,75010,2024-05-08,7624.90
C00934,7619 Hillcrest Place,,Richardson,TX,75006,04-08-2024,8343.17
C00935,4712 Stnset Boulevard,Apt 2,Garland.,TX,75003,2024-12-01,7016.97
C00936,8247 Sunset Ave,,Carrollton,TX,75009-1054,2023/09/14,2278.17
C00937,9399 Valley-View Road,,Allen,TX,75010,2024/04/18,14677.83
C00938,9044 Hill-Crest Dr,Apt 2,Irving,TX,75004-7950,2024/06/10,11211.18
C00939,3908 MFple Boulevard,Apt 2,Plano.,TX,75002-7039,2024-01-09,13548.96
C00940,8811 Maple Place,,Dallas,TX,75001,2024-05-22,9463.00
C00941,5031 Riverside Ct,,Richardson,TX,75006-2011,07/10/2024,10266.11
C00942,7874 Valley View Avenue,Apt 2,Irving,TX,75004,08-12-2023,5424.25
C00943,3184 Pine Place,,Plano,TX,75002,12/23/2024,9780.33
C00944,1172 N Riverside Ln,,Irving,TX,75004-7071,2024/07/08,4347.39
C00945,3383 Willow Ct,Unit B,Richardson.,TX,75006,2023-02-16,11311.40
C00946,9639 Riversidt Court,,Lewisville,TX,75007,2024/07/22,9229.48
C00947,4203 Elm Pl,Suite 100,Allen,TX,75010,2023/08/04,10407.94
C00948,2601 S Elm Place,Apt 2,Allen.,TX,75010,02/12/2023,14830.89
C00949,2771 WiAlow Road,,Garland.,TX,75003,06/03/2023,8466.29
C00950,4483 Riverside Pl,Unit B,Carrollton,TX,75009-3633,03-29-2023,4513.71
C00951,3892 Elm Circle,,Irving,TX,75004,2024/12/13,5722.47
C00952,537 Main Lane,Suite 100,Plano,TX,75002-2968,2023/01/10,4914.09
C00953,8332 W Valley Vew Drive,Suite 100,Dallas,TX,75001,2024-08-05,13989.12
C00954,9547 W Riverside Place,,Garland,TX,75003,01-17-2024,8291.86
C00955,1101 Willow Trail,,Addison,TX,75005,12-27-2023,1297.85
C00956,9086 S Main Ct,,Garland.,TX,75003,2023-09-30,4941.93
C00957,5618 Valley View Ct,Suite 100,Addison,TX,75005,2024-04-19,9330.45
C00958,1632 N Elm Pkwy,,Richardson,TX,75006-3247,2023-01-28,7737.71
C00959,9855 Hill Crest Boulevard,,Richardson.,TX,75006,08/06/2024,6396.60
C00960,3257 Maple St,Apt 2,Plano,TX,75002,05-31-2023,1396.52
C00961,8211 Elm Blvd,,Addison,TX,75005,2024/06/18,10080.94
C00962,7281 N Sunset Trl,,Plano,TX,75002-4734,12/31/2023,12759.57
C00963,6219 N Valley Vew Lane,,Addison,TX,75005-9546,03-10-2024,5822.01
C00964,8929 Willow Trl,Unit B,Allen,TX,75010,2023/04/26,6712.46
C00965,8289 Hill Crest Ave,Unit B,Lewisville,TX,75007-5211,09-10-2023,14680.32
C00966,1051 Maple Pl,Suite 100,Fort Worth.,TX,75008-8712,07-27-2024,2736.36
C00967,6475 Hillcrest Ct,,Lewisville,TX,75007-9731,2023/01/28,12596.52
C00968,374 Riverside Lane,Suite 100,Lewisville,TX,75007-2846,01/27/2023,13493.60
C00969,7051 Willow Circle,Unit B,Lewisville,TX,75007,2023/12/06,9657.02
C00970,8184 Hill-Crest Pkwy,,Addison,TX,75005,03-19-2023,6760.11
C00971,9606 Maple Road,,Fort Worth.,TX,75008,2024/10/30,8657.32
C00972,5405 N Willow Pkwy,Apt 2,Fort Worth,TX,75008,06/03/2023,9381.61
C00973,5011 Lake Shore Pkwy,Unit B,Richardson,TX,75006,2023-05-12,3254.63
C00974,7129 S Wiljow Drive,,Garland.,TX,75003-6673,10-06-2023,7865.27
C00975,5172 Elm Street,Suite 100,Plano,TX,75002-7414,05/10/2024,13018.25
C00976,6930 Valley View Pkwy,Suite 100,Plano.,TX,75002,12-13-2024,4851.47
C00977,4697 Cak Ave,,Addison,TX,75005,2024-09-26,10390.71
C00978,7062 S Willow Drive,Unit B,Plano,TX,75002-4509,10/10/2024,10120.04
C00979,5044 Willow Ln,,Dallas,TX,75001,2024/05/22,12200.34
C00980,940 N Hill Crest St,,Fort Worth,TX,75008,01/04/2023,2306.35
C00981,2302 Elm Road,,Garland,TX,75003-7162,05-28-2023,7500.82
C00982,5023 Elm Rd,Unit B,Plano,TX,75002-7345,2024-07-12,5686.53
C00983,4036 Hill Crest Blvd,Apt 2,Carrollton.,TX,75009,04/30/2024,2003.67
C00984,8506 Pine Dr,Unit B,Lewisville,TX,75007,06/09/2024,2079.37
C00985,9083 Cedar St,Unit B,Irving,TX,75004-6238,2023-05-26,6962.02
C00986,3724 Elm Trl,Suite 100,Plano,TX,75002-9859,12/18/2023,14573.18
C00987,7166 Oak Street,,Addison,TX,75005,2023/09/20,5467.89
C00988,1041 Willow Avenue,Unit B,Plano,TX,75002,2023/02/25,11343.78
C00989,4844 Oak Dr,Suite 100,Irving,TX,75004,04/02/2023,14835.72
C00990,5528 Lakke Shore Pkwy,Suite 100,Addison.,TX,75005-7444,2024/03/04,1351.54
C00991,3510 Maple Place,Unit B,Dallas,TX,75001,2024-10-04,11389.46
C00992,656 N Maple Cir,Apt 2,Richardson.,TX,75006,2023-05-28,4631.53
C00993,7184 Hillcrest Ave,Unit B,Carrollton,TX,75009,2024/07/07,8538.72
C00994,7925 Cedar Rd,Apt 2,Fort Worth.,TX,75008-4983,09/12/2023,1644.62
C00995,3471 Cedar Circle,Unit B,Plano,TX,75002-4606,2023/11/10,10223.05
C00996,2870 Sunset Dr,Apt 2,Addison,TX,75005,2024/11/16,2228.40
C00997,3215 Willow Circle,Apt 2,Irving,TX,75004,05/19/2024,8616.06
C00998,527 Oak Road,Suite 100,Allen,TX,75010,2024-04-09,11386.83
C00999,9874 MNple Road,,Fort Worth,TX,75008-8811,06/26/2024,7602.03
C01000,3741 Main Blvd,Unit B,Carrollton,TX,75009,07/10/2024,12436.13
