id,address1,address2,city,state,postal_code,sent_date
M00001,9512 Lake Shore Ct,,Richardson,TX,75006,08-02-2024
M00002,1472 Elm Ave,Apt 2,Plano,TX,75002-4239,2024-06-19
M00003,6218 Valley View Cir,,Allen,TX,75010,2024-01-27
M00004,8055 Hill Crest Ct,Suite 100,Dallas,TX,75001,12/04/2024
M00005,3097 Riverside Ave,Unit B,Plano,TX,75002,2023-07-09
M00006,5682 Valley View Pkwy,,Lewisville,TX,75007,05/09/2024
M00007,9511 Main Trl,Bldg 3,Irving,TX,75004-7047,2023-09-15
M00008,5569 Oak Pkwy,Suite 100,Dallas,TX,75001,08-06-2024
M00009,2951 Riverside St,Unit B,Dallas,TX,75001-2248,01-27-2024
M00010,9977 Maple Ct,,Garland,TX,75003-5577,04-26-2024
M00011,5239 E Hill Crest Pkwy,Apt 1,Carrollton,TX,75009,02-03-2023
M00012,6985 Main Blvd,,Carrollton,TX,75009,2024/02/20
M00013,5851 Oak Trl,,Allen,TX,75010,2023-02-17
M00014,8013 Hill Crest Cir,,Richardson,TX,75006,2024/09/14
M00015,2144 Valley View Pkwy,,Allen,TX,75010,2023-02-05
M00016,6700 S Main Cir,Suite 100,Fort Worth,TX,75008,07-20-2024
M00017,1073 Pine Pkwy,Ste 200,Richardson,TX,75006-9758,05/12/2023
M00018,8665 Maple Rd,,Richardson,TX,75006-7122,02-14-2023
M00019,297 Hill Crest Pkwy,Apt 1,Irving,TX,75004,06/19/2023
M00020,8032 S Pine Ln,Ste 200,Carrollton,TX,75009,2023/01/13
M00021,543 Oak Ave,,Addison,TX,75005,05/12/2024
M00022,6773 Willow Blvd,Apt 2,Carrollton,TX,75009,2023/02/19
M00023,5196 Pine Ct,,Garland,TX,75003,11/18/2024
M00024,333 Elm Pkwy,Apt 2,Plano,TX,75002,08/14/2023
M00025,4047 Sunset Ln,Bldg 3,Richardson,TX,75006,09-05-2023
M00026,9392 Oak Pl,,Fort Worth,TX,75008,12/12/2024
M00027,5450 Maple Pl,,Plano,TX,75002,2023/11/12
M00028,8169 Sunset Dr,Bldg 3,Dallas,TX,75001,10/16/2023
M00029,4357 Maple Ct,Apt 2,Fort Worth,TX,75008,09-20-2024
M00030,3012 S Pine Ln,,Dallas,TX,75001,2023/07/03
M00031,2093 W Hill Crest Pl,,Allen,TX,75010,01-02-2023
M00032,1106 Maple Blvd,,Irving,TX,75004,2023/09/13
M00033,6046 Willow Pl,,Lewisville,TX,75007,2024/03/12
M00034,8027 Pine Ct,Unit B,Garland,TX,75003,2024/03/04
M00035,3470 N Lake Shore Ct,Unit B,Addison,TX,75005-4520,2023-05-24
M00036,2669 Sunset Ct,Apt 2,Addison,TX,75005-6013,06-26-2023
M00037,8303 E Riverside Blvd,,Lewisville,TX,75007,07/02/2024
M00038,6293 Lake Shore Rd,,Garland,TX,75003-9839,2024-05-05
M00039,1619 Pine Pkwy,,Dallas,TX,75001-1958,2024/11/19
M00040,7479 Maple St,,Addison,TX,75005,06-20-2024
M00041,7758 Elm Ln,Bldg 3,Lewisville,TX,75007,11-28-2023
M00042,4803 Cedar Blvd,Unit B,Allen,TX,75010,2024/07/27
M00043,2575 Main Trl,,Allen,TX,75010,2024/01/05
M00044,4037 Main Cir,Suite 100,Fort Worth,TX,75008,08/29/2024
M00045,1670 Willow Ct,,Lewisville,TX,75007,02-14-2023
M00046,6677 Main Ct,,Fort Worth,TX,75008,2024/10/23
M00047,118 Hill Crest Rd,Ste 200,Irving,TX,75004,09/05/2023
M00048,3329 Hill Crest Ln,Bldg 3,Garland,TX,75003-6837,2023/09/04
M00049,5670 Hill Crest St,Bldg 3,Dallas,TX,75001,03/30/2023
M00050,3188 W Elm Ave,Apt 2,Garland,TX,75003,2024-10-07
M00051,7696 Valley View Ave,,Allen,TX,75010-3597,2023/07/26
M00052,4538 Willow Blvd,Apt 1,Allen,TX,75010,09-23-2023
M00053,2041 Oak Ln,Ste 200,Richardson,TX,75006,08/01/2023
M00054,3311 Hill Crest Pl,Ste 200,Plano,TX,75002,11/14/2024
M00055,6370 Pine Dr,,Fort Worth,TX,75008-6665,2023/10/29
M00056,2924 Hill Crest Ln,Apt 1,Garland,TX,75003,03/19/2024
M00057,4068 S Sunset Blvd,Unit B,Fort Worth,TX,75008-2148,2023-06-02
M00058,4804 Riverside Cir,Apt 2,Dallas,TX,75001-1496,12/16/2024
M00059,1069 Sunset Cir,,Garland,TX,75003-7280,2024/07/09
M00060,5982 Maple Trl,,Carrollton,TX,75009,11-10-2023
M00061,8546 Elm Ln,,Addison,TX,75005,12/08/2024
M00062,5208 Riverside Cir,Unit B,Richardson,TX,75006-1424,11/26/2023
M00063,2928 Cedar Trl,,Carrollton,TX,75009,12-10-2024
M00064,2313 W Riverside Rd,Suite 100,Allen,TX,75010-7322,2024/11/17
M00065,6537 Riverside Cir,Ste 200,Irving,TX,75004,12/10/2023
M00066,9854 W Sunset St,,Richardson,TX,75006-4007,08/15/2024
M00067,2984 Pine Dr,,Addison,TX,75005-7951,09-08-2024
M00068,3684 Cedar Pl,Apt 2,Allen,TX,75010,2024-06-16
M00069,1667 W Hill Crest Rd,,Richardson,TX,75006,2024/01/04
M00070,4310 Pine Rd,Apt 2,Irving,TX,75004,03-26-2023
M00071,7662 Pine Pkwy,Bldg 3,Irving,TX,75004,08-15-2023
M00072,953 Pine Trl,Apt 2,Dallas,TX,75001,2024/03/20
M00073,1500 S Main Ave,Suite 100,Plano,TX,75002,2024-02-11
M00074,8385 Pine Blvd,Suite 100,Irving,TX,75004-8846,2023/11/07
M00075,190 Hill Crest Ct,Ste 200,Richardson,TX,75006-3814,2024/08/06
M00076,4370 Sunset Ave,,Lewisville,TX,75007,2024/12/28
M00077,9347 Lake Shore St,,Garland,TX,75003,09/26/2024
M00078,6564 Pine Trl,,Allen,TX,75010-4905,2024/07/09
M00079,1816 Oak Pl,Apt 2,Allen,TX,75010-5261,01/14/2024
M00080,4609 E Elm Cir,,Garland,TX,75003,2024/04/15
M00081,2823 Valley View Trl,,Dallas,TX,75001,2023-12-26
M00082,8374 Sunset Blvd,Suite 100,Carrollton,TX,75009,2023/09/16
M00083,9603 N Riverside St,Apt 1,Irving,TX,75004-6906,04/21/2024
M00084,8827 S Maple Cir,,Irving,TX,75004,12-15-2023
M00085,8037 Cedar Dr,Unit B,Allen,TX,75010,07-08-2024
M00086,9912 Lake Shore St,Apt 2,Lewisville,TX,75007,11-17-2024
M00087,2439 Main Pkwy,Unit B,Fort Worth,TX,75008-9119,09/20/2024
M00088,9085 Elm Blvd,Unit B,Lewisville,TX,75007,2023-04-17
M00089,348 E Elm Cir,,Garland,TX,75003,12-09-2023
M00090,4725 Lake Shore Pkwy,,Fort Worth,TX,75008,05/31/2024
M00091,4809 Lake Shore Blvd,Ste 200,Garland,TX,75003,07-24-2024
M00092,8011 Sunset Ave,Unit B,Allen,TX,75010-8925,2024-05-05
M00093,144 Cedar Trl,Unit B,Dallas,TX,75001-1331,04-27-2023
M00094,335 Elm Pl,,Carrollton,TX,75009,2024-01-26
M00095,9282 S Valley View Rd,,Carrollton,TX,75009,2024/09/08
M00096,3227 Valley View Ave,Unit B,Addison,TX,75005,2024/05/14
M00097,6179 Elm St,,Fort Worth,TX,75008,2023-08-25
M00098,5942 W Cedar Pkwy,Unit B,Fort Worth,TX,75008,2023/11/08
M00099,9905 Elm Rd,Apt 1,Allen,TX,75010-5050,2023/03/11
M00100,6821 Elm Cir,Ste 200,Fort Worth,TX,75008,2023-02-02
M00101,9192 Riverside Cir,Apt 1,Carrollton,TX,75009,2023-12-23
M00102,7609 Riverside Pl,,Carrollton,TX,75009,04/30/2023
M00103,5272 Hill Crest Ct,Ste 200,Lewisville,TX,75007,09-23-2024
M00104,7763 Hill Crest Trl,,Richardson,TX,75006,2024-09-16
M00105,1457 Hill Crest Rd,Apt 1,Lewisville,TX,75007,01-03-2023
M00106,5449 Lake Shore Trl,Apt 2,Plano,TX,75002-1239,07/12/2023
M00107,8510 S Maple Blvd,Ste 200,Garland,TX,75003-2452,10/06/2024
M00108,5596 Sunset Ave,Suite 100,Irving,TX,75004,03/24/2024
M00109,8297 Lake Shore Trl,,Fort Worth,TX,75008,2023/10/01
M00110,5040 Sunset Ct,Unit B,Garland,TX,75003-3793,05-29-2024
M00111,3341 Cedar Ct,,Lewisville,TX,75007-8587,2023/09/19
M00112,3432 S Cedar Ave,Apt 2,Richardson,TX,75006-5587,2023-03-07
M00113,9068 Cedar Cir,Ste 200,Dallas,TX,75001,2023/03/06
M00114,3029 Sunset St,Suite 100,Fort Worth,TX,75008,02-01-2023
M00115,7090 Elm Pkwy,Apt 1,Richardson,TX,75006,2023/07/23
M00116,582 E Hill Crest Ave,,Carrollton,TX,75009,05-14-2023
M00117,150 Hill Crest Dr,Apt 1,Plano,TX,75002-5976,05/01/2023
M00118,3595 Lake Shore Dr,,Dallas,TX,75001,2023/05/05
M00119,7493 Main Dr,Suite 100,Lewisville,TX,75007-6002,2023-12-19
M00120,5645 W Elm Cir,Bldg 3,Garland,TX,75003,09-19-2024
M00121,5136 Sunset Ln,,Fort Worth,TX,75008,01/01/2023
M00122,377 Valley View Blvd,Suite 100,Addison,TX,75005,2024-04-20
M00123,5582 Maple St,,Plano,TX,75002,2024/02/08
M00124,3663 Hill Crest Pkwy,,Addison,TX,75005,2024-08-23
M00125,3593 S Maple Ave,Ste 200,Plano,TX,75002,06-23-2024
M00126,2918 E Cedar Cir,Suite 100,Dallas,TX,75001,11/27/2024
M00127,8534 Oak Blvd,,Addison,TX,75005,11-26-2023
M00128,2449 Sunset Rd,,Carrollton,TX,75009,03/22/2023
M00129,9765 Maple St,,Garland,TX,75003,10/01/2024
M00130,7049 Maple Trl,Apt 1,Irving,TX,75004,02/27/2024
M00131,950 Riverside Dr,Ste 200,Carrollton,TX,75009-9752,2024/03/04
M00132,7628 Main Blvd,Apt 1,Carrollton,TX,75009,06/09/2023
M00133,2909 Valley View Dr,,Richardson,TX,75006,2024/08/19
M00134,5675 Valley View Cir,Unit B,Dallas,TX,75001-2201,12/24/2023
M00135,6994 E Elm Pl,,Irving,TX,75004,08-31-2024
M00136,5378 Hill Crest Trl,Suite 100,Fort Worth,TX,75008-3875,2023-09-08
M00137,3674 Elm Ct,Unit B,Fort Worth,TX,75008-2270,2023-06-12
M00138,5248 Sunset Rd,,Addison,TX,75005,07-10-2023
M00139,3467 Riverside Trl,,Richardson,TX,75006,04-24-2024
M00140,5365 Cedar St,,Lewisville,TX,75007-7549,2023/11/24
M00141,5378 Hill Crest Trl,Apt 1,Dallas,TX,75001-9833,2024-07-11
M00142,3064 Lake Shore St,,Lewisville,TX,75007,2024/05/09
M00143,5255 Elm Trl,Apt 1,Lewisville,TX,75007,03/11/2023
M00144,5964 Riverside Dr,,Allen,TX,75010-3049,2024/06/07
M00145,3826 Lake Shore Blvd,Apt 1,Fort Worth,TX,75008,2023/06/13
M00146,3178 Valley View Dr,Apt 2,Fort Worth,TX,75008,2024/09/21
M00147,419 Elm Ln,,Richardson,TX,75006,04/17/2023
M00148,2860 Maple Rd,Apt 2,Dallas,TX,75001-1088,08-06-2023
M00149,3762 E Valley View Ln,Suite 100,Garland,TX,75003-9667,2023/12/02
M00150,4245 Pine Dr,Unit B,Plano,TX,75002,2023/01/09
M00151,3933 Riverside Cir,,Irving,TX,75004-6520,2023-09-13
M00152,8003 Maple Ave,,Plano,TX,75002,2023/11/29
M00153,2645 Oak St,Suite 100,Lewisville,TX,75007-7819,2024-02-23
M00154,6673 Maple Dr,,Dallas,TX,75001,02/29/2024
M00155,1349 W Oak Cir,,Plano,TX,75002,12-01-2023
M00156,9793 Willow Ln,Ste 200,Allen,TX,75010,12/12/2024
M00157,7095 Maple Pkwy,,Garland,TX,75003,2023-02-27
M00158,311 N Sunset Cir,Suite 100,Dallas,TX,75001,05-23-2024
M00159,4094 Lake Shore Cir,Unit B,Carrollton,TX,75009,2024-10-27
M00160,6349 Valley View Trl,Bldg 3,Allen,TX,75010,2023-01-26
M00161,1359 Hill Crest St,,Irving,TX,75004,08/12/2023
M00162,9186 Main Ln,,Garland,TX,75003,12-09-2023
M00163,3625 Pine Cir,,Lewisville,TX,75007-7677,07-02-2024
M00164,1894 Main Cir,,Dallas,TX,75001,2024/05/31
M00165,8341 Maple St,Ste 200,Fort Worth,TX,75008,2023-10-04
M00166,683 Sunset Cir,Unit B,Plano,TX,75002,2024/02/13
M00167,406 Main Cir,,Plano,TX,75002,10-06-2024
M00168,9358 Maple Ave,Apt 1,Fort Worth,TX,75008,2023/11/28
M00169,372 Sunset Rd,,Irving,TX,75004,2023-03-16
M00170,742 Pine Ct,,Fort Worth,TX,75008-4751,2023/03/11
M00171,2530 Main Dr,,Fort Worth,TX,75008,06/21/2023
M00172,7444 Main Trl,,Allen,TX,75010,01/15/2024
M00173,3618 Oak Blvd,Apt 2,Plano,TX,75002,10/21/2024
M00174,3922 Main Dr,Bldg 3,Addison,TX,75005,10/10/2023
M00175,7806 Lake Shore St,Ste 200,Allen,TX,75010-5695,04-02-2024
M00176,5082 Pine Dr,,Dallas,TX,75001,2024/05/09
M00177,6323 Main Pl,Apt 1,Irving,TX,75004,2024-09-10
M00178,5615 Maple Pl,Ste 200,Carrollton,TX,75009,10/18/2024
M00179,1586 Hill Crest Cir,,Fort Worth,TX,75008-3477,06-07-2023
M00180,4188 Hill Crest Pl,,Addison,TX,75005-6241,2023-06-12
M00181,8985 Pine Ave,Unit B,Addison,TX,75005-5187,2023/01/23
M00182,5223 N Maple Ct,,Fort Worth,TX,75008,06/10/2024
M00183,8140 Hill Crest Pkwy,,Irving,TX,75004,06-08-2023
M00184,1460 Sunset Cir,Apt 1,Garland,TX,75003-9417,07/15/2023
M00185,7404 E Lake Shore Pkwy,Unit B,Richardson,TX,75006-8403,2023-08-28
M00186,6346 Hill Crest Ln,,Addison,TX,75005,06/08/2024
M00187,6127 Pine Ct,,Fort Worth,TX,75008-3433,08/08/2023
M00188,8253 E Valley View Pl,Ste 200,Garland,TX,75003,12-22-2023
M00189,253 Maple Blvd,Suite 100,Lewisville,TX,75007-9800,12/27/2024
M00190,9312 Willow Ln,,Richardson,TX,75006-5305,2023-05-05
M00191,7327 Valley View Ln,Apt 2,Richardson,TX,75006-4220,2023/03/25
M00192,2999 Hill Crest Rd,,Lewisville,TX,75007,07-11-2024
M00193,9397 S Maple Ln,,Addison,TX,75005-1256,2023/10/17
M00194,8100 Willow Pkwy,,Lewisville,TX,75007-8125,2024-01-26
M00195,7493 Willow Dr,,Richardson,TX,75006,2024-08-04
M00196,5525 Hill Crest St,Apt 1,Addison,TX,75005,05/26/2024
M00197,572 Riverside Dr,Suite 100,Garland,TX,75003-5428,2024-07-05
M00198,3256 Cedar Rd,Apt 2,Carrollton,TX,75009,2024/11/08
M00199,9322 Valley View Trl,Suite 100,Lewisville,TX,75007-8216,02/22/2023
M00200,222 Elm Rd,,Carrollton,TX,75009-3951,09-13-2024
M00201,5701 Sunset Ct,Ste 200,Dallas,TX,75001,10-11-2023
M00202,9778 Lake Shore Trl,Apt 1,Allen,TX,75010,2024/10/18
M00203,1072 Valley View Cir,,Fort Worth,TX,75008,2023-11-24
M00204,9135 Pine Ct,Apt 2,Garland,TX,75003-6762,2023-09-23
M00205,1989 Maple Dr,Apt 1,Addison,TX,75005,2024-04-23
M00206,3989 Main Rd,Apt 1,Lewisville,TX,75007-1817,06/02/2023
M00207,786 Elm Trl,Suite 100,Fort Worth,TX,75008,2023/05/03
M00208,7675 E Lake Shore Trl,,Plano,TX,75002,10/04/2024
M00209,7993 E Riverside Cir,Ste 200,Plano,TX,75002,10-10-2024
M00210,7590 Riverside Pl,Apt 2,Carrollton,TX,75009,2023/03/09
M00211,397 N Willow Blvd,Unit B,Fort Worth,TX,75008,06-18-2024
M00212,6075 Riverside Ave,,Irving,TX,75004,06-23-2023
M00213,9908 W Elm Ave,Apt 2,Richardson,TX,75006-6503,06-25-2023
M00214,7932 Cedar Dr,Bldg 3,Irving,TX,75004-8741,2023/11/01
M00215,8415 Valley View Ct,Suite 100,Irving,TX,75004-8871,2024-09-09
M00216,9748 Sunset Cir,,Lewisville,TX,75007,02/02/2023
M00217,8213 Maple Ln,,Lewisville,TX,75007,09-23-2024
M00218,988 Maple Pkwy,Apt 2,Fort Worth,TX,75008-4614,2023/03/27
M00219,8347 Main Cir,Unit B,Garland,TX,75003,05/09/2023
M00220,9928 Hill Crest Dr,,Irving,TX,75004-1258,08/22/2024
M00221,8574 Willow Trl,Ste 200,Lewisville,TX,75007,05/20/2023
M00222,7365 Maple St,,Lewisville,TX,75007,2024-01-23
M00223,6963 Willow Pl,Bldg 3,Dallas,TX,75001-3669,11-07-2024
M00224,2912 Valley View Ave,Suite 100,Fort Worth,TX,75008,2024-08-04
M00225,6062 Pine Pl,,Carrollton,TX,75009,2023/11/04
M00226,1493 Riverside Blvd,,Plano,TX,75002,07/02/2023
M00227,4980 N Main Ave,Ste 200,Carrollton,TX,75009,2024-04-09
M00228,1430 Elm St,,Plano,TX,75002,2024-03-21
M00229,9799 Riverside Pkwy,,Garland,TX,75003,07-13-2023
M00230,3586 Lake Shore Trl,Apt 1,Addison,TX,75005,09-18-2023
M00231,4373 Main Ct,,Carrollton,TX,75009-9116,2023/05/18
M00232,8695 Hill Crest Dr,Unit B,Plano,TX,75002,12/15/2023
M00233,9075 Riverside Ct,Apt 1,Allen,TX,75010,10/13/2023
M00234,2679 Oak St,,Irving,TX,75004-4160,12/19/2023
M00235,7751 Maple Pl,Apt 1,Carrollton,TX,75009-4348,11-27-2024
M00236,2971 Main Rd,Ste 200,Richardson,TX,75006,12/31/2023
M00237,2383 Riverside Cir,,Carrollton,TX,75009-9681,2024/01/21
M00238,2156 Willow Trl,Apt 1,Dallas,TX,75001,10/05/2024
M00239,1939 Valley View Rd,Ste 200,Dallas,TX,75001,08/27/2023
M00240,1023 Hill Crest Dr,,Lewisville,TX,75007,03-26-2023
M00241,1163 N Cedar Rd,Ste 200,Lewisville,TX,75007-3619,03-13-2024
M00242,402 Sunset Ln,Suite 100,Dallas,TX,75001-8243,2023-08-08
M00243,5446 Main Ct,,Richardson,TX,75006,12/11/2024
M00244,5486 Maple Cir,,Dallas,TX,75001-7276,09/12/2023
M00245,8098 Pine Rd,Apt 1,Irving,TX,75004,10/02/2023
M00246,6164 Riverside Pl,,Irving,TX,75004-6061,06-12-2024
M00247,7570 Maple Ave,Bldg 3,Addison,TX,75005,2023/03/09
M00248,9379 Oak Blvd,,Fort Worth,TX,75008-3336,2024/09/17
M00249,2391 Willow Trl,,Fort Worth,TX,75008,2023-11-16
M00250,3448 Lake Shore Ct,,Allen,TX,75010,04/14/2024
M00251,4978 Valley View Pkwy,,Irving,TX,75004,12/15/2023
M00252,5731 S Valley View St,,Lewisville,TX,75007-9793,10/10/2024
M00253,4782 Pine Ln,,Lewisville,TX,75007,2024-04-03
M00254,7638 Lake Shore Ln,,Plano,TX,75002,04/26/2023
M00255,3492 Main Cir,Ste 200,Garland,TX,75003,2023-03-15
M00256,4954 Maple Trl,Suite 100,Dallas,TX,75001-8571,05/16/2024
M00257,1417 Cedar Pl,,Richardson,TX,75006-1581,2023/10/05
M00258,511 Valley View Ave,Apt 1,Plano,TX,75002,01/25/2024
M00259,3408 Cedar Ct,,Plano,TX,75002-7844,2024/07/09
M00260,1616 Riverside Ct,Apt 2,Carrollton,TX,75009-2566,2023-06-17
M00261,1470 Willow Ave,,Addison,TX,75005,2023/10/02
M00262,5883 Riverside Ln,Unit B,Fort Worth,TX,75008,2024/12/26
M00263,9973 Riverside Ln,Apt 2,Fort Worth,TX,75008,01/17/2024
M00264,3561 Valley View Trl,Suite 100,Fort Worth,TX,75008-7503,2023/08/13
M00265,3665 Main Ct,,Irving,TX,75004,2023/03/20
M00266,8077 Valley View Pl,,Lewisville,TX,75007,01/20/2024
M00267,1088 Maple Rd,,Dallas,TX,75001,06/04/2023
M00268,5071 Cedar Ln,Apt 1,Allen,TX,75010-9061,2024-07-26
M00269,6372 W Oak St,Apt 1,Richardson,TX,75006,2023-05-25
M00270,1373 E Maple Dr,,Richardson,TX,75006,10-14-2023
M00271,3738 Main Ave,,Allen,TX,75010,04-21-2024
M00272,7599 Hill Crest Pl,Ste 200,Irving,TX,75004,10-09-2023
M00273,6058 Maple Ct,Ste 200,Lewisville,TX,75007,2024-03-14
M00274,6242 Pine Blvd,,Garland,TX,75003,2024/12/02
M00275,4789 E Sunset Blvd,Bldg 3,Addison,TX,75005,10/15/2023
M00276,1054 Cedar Ln,Ste 200,Irving,TX,75004,2023-09-23
M00277,5442 Oak Ave,Unit B,Richardson,TX,75006,2023-05-09
M00278,4122 W Willow Blvd,,Irving,TX,75004,2023/04/16
M00279,9718 Hill Crest Trl,,Lewisville,TX,75007,2023-06-14
M00280,3236 Elm Cir,Apt 2,Fort Worth,TX,75008,2023/08/19
M00281,5841 N Willow Ave,,Garland,TX,75003-4402,2024-08-28
M00282,4753 Oak Ave,,Addison,TX,75005-7206,09/17/2024
M00283,2816 Willow Pl,Ste 200,Plano,TX,75002-7568,2024/05/20
M00284,1125 Riverside Blvd,Suite 100,Garland,TX,75003,2024-05-23
M00285,9592 Oak Trl,,Fort Worth,TX,75008-6063,03-07-2023
M00286,7914 Main Ave,Apt 1,Carrollton,TX,75009-1530,2023-01-05
M00287,4143 Maple Pkwy,Apt 1,Addison,TX,75005-9834,06-17-2023
M00288,4231 S Maple Dr,,Richardson,TX,75006-9414,06/15/2024
M00289,6059 Riverside Blvd,,Fort Worth,TX,75008,2023-04-24
M00290,7434 Lake Shore Dr,Bldg 3,Irving,TX,75004,2023/03/16
M00291,1347 Cedar Ave,Suite 100,Irving,TX,75004,04/23/2024
M00292,6464 Riverside Cir,Unit B,Addison,TX,75005-2367,05/21/2024
M00293,2171 Main Ave,Ste 200,Irving,TX,75004-6712,12/05/2023
M00294,7585 E Hill Crest St,Ste 200,Dallas,TX,75001-3184,08-11-2024
M00295,3594 Pine Ln,,Irving,TX,75004-1394,2023-02-15
M00296,246 Riverside Ave,,Addison,TX,75005,12/15/2024
M00297,5108 Oak Pkwy,,Irving,TX,75004-1593,2024-04-06
M00298,934 E Cedar Cir,,Plano,TX,75002-8661,09/07/2023
M00299,4888 W Oak Dr,,Fort Worth,TX,75008,11/04/2023
M00300,3920 Main Pkwy,Bldg 3,Plano,TX,75002,03/06/2023
M00301,3870 S Riverside St,Apt 2,Richardson,TX,75006,09-15-2023
M00302,1713 Lake Shore St,,Richardson,TX,75006,11/14/2024
M00303,881 Valley View Pkwy,,Addison,TX,75005,2023/07/17
M00304,1575 Cedar Ct,Apt 2,Dallas,TX,75001,10-21-2024
M00305,1418 Oak Dr,,Garland,TX,75003,2023-05-25
M00306,2271 Valley View Pl,Unit B,Irving,TX,75004,2023-06-10
M00307,184 N Hill Crest Ct,,Fort Worth,TX,75008,2023-08-20
M00308,601 Main Cir,,Lewisville,TX,75007,12/28/2023
M00309,6745 N Hill Crest Trl,,Carrollton,TX,75009,2024/09/06
M00310,9737 Sunset Dr,Suite 100,Lewisville,TX,75007-7071,01/11/2023
M00311,9632 Main Dr,Suite 100,Addison,TX,75005-1143,10-08-2023
M00312,9392 Maple Pkwy,Apt 2,Dallas,TX,75001,2024/06/16
M00313,6432 Willow St,Apt 2,Lewisville,TX,75007,2023-11-30
M00314,6000 N Willow Ct,,Irving,TX,75004,11-20-2024
M00315,7376 Willow Blvd,Suite 100,Dallas,TX,75001,04-16-2023
M00316,408 Hill Crest Ct,Bldg 3,Plano,TX,75002,2024/07/03
M00317,7299 Pine Blvd,,Richardson,TX,75006,2023-08-27
M00318,4024 Valley View Cir,,Dallas,TX,75001,12-09-2023
M00319,7738 Hill Crest Pkwy,Bldg 3,Lewisville,TX,75007-2315,2023-11-03
M00320,2133 E Sunset Cir,,Richardson,TX,75006,2024/06/05
M00321,2432 Cedar Dr,,Garland,TX,75003,2023-07-01
M00322,1620 Lake Shore Ave,,Carrollton,TX,75009-7785,12/11/2023
M00323,910 Pine Rd,Apt 1,Lewisville,TX,75007,2024/03/30
M00324,3867 Valley View Pl,Apt 2,Garland,TX,75003,02-14-2024
M00325,9606 Oak Trl,Suite 100,Dallas,TX,75001-6625,2024/10/10
M00326,2773 Sunset Pkwy,,Plano,TX,75002,2024-01-30
M00327,6220 Oak Ct,Bldg 3,Irving,TX,75004,11/16/2024
M00328,4270 Pine Blvd,Bldg 3,Irving,TX,75004-6097,2024-12-15
M00329,8759 E Valley View Ct,Unit B,Irving,TX,75004,05/03/2024
M00330,9915 Willow Ln,,Garland,TX,75003,2024-05-24
M00331,8192 Riverside Rd,,Garland,TX,75003,2023/05/11
M00332,3195 Main St,Apt 2,Carrollton,TX,75009,04/06/2024
M00333,649 Willow Pkwy,Ste 200,Plano,TX,75002,04-11-2024
M00334,3824 Main Dr,Suite 100,Carrollton,TX,75009,01-04-2023
M00335,7960 Oak Rd,Suite 100,Addison,TX,75005,03-06-2023
M00336,5307 Main Ln,Ste 200,Lewisville,TX,75007,2024/05/06
M00337,430 Pine Blvd,,Carrollton,TX,75009-7452,2024/07/28
M00338,7765 Oak Pl,Ste 200,Dallas,TX,75001,2023-10-07
M00339,1584 Pine Pkwy,Ste 200,Irving,TX,75004-9998,2024-07-28
M00340,5864 Pine Ct,,Garland,TX,75003,2023/09/09
M00341,5343 Lake Shore Ln,Suite 100,Plano,TX,75002,2023-01-04
M00342,3242 Hill Crest Pl,Unit B,Richardson,TX,75006,06/23/2024
M00343,5427 E Main St,,Carrollton,TX,75009,2024-02-02
M00344,4073 W Hill Crest Ln,Unit B,Garland,TX,75003-8753,06/18/2023
M00345,6402 Valley View Cir,Suite 100,Plano,TX,75002,2023-11-12
M00346,6858 Valley View Ave,Bldg 3,Garland,TX,75003,2023-12-17
M00347,6760 Riverside Blvd,Ste 200,Plano,TX,75002,2023-09-07
M00348,9817 S Lake Shore Trl,,Addison,TX,75005-5218,09-22-2024
M00349,3943 Cedar Pkwy,Apt 1,Plano,TX,75002-9170,12/12/2024
M00350,6326 S Cedar Pkwy,Apt 1,Garland,TX,75003,01-20-2024
M00351,4493 Lake Shore Dr,Unit B,Fort Worth,TX,75008,2024-12-10
M00352,4706 Riverside Pkwy,Apt 1,Fort Worth,TX,75008,2024-01-17
M00353,8389 Elm Rd,Apt 2,Allen,TX,75010-7511,06-14-2024
M00354,7289 Valley View Rd,,Richardson,TX,75006,2024-08-02
M00355,8093 Lake Shore Trl,Apt 1,Lewisville,TX,75007-3515,2023-04-02
M00356,3797 Willow Blvd,Apt 1,Richardson,TX,75006-1029,11-18-2023
M00357,5031 Elm St,Apt 2,Plano,TX,75002-9574,06/26/2023
M00358,9773 Elm Cir,Bldg 3,Fort Worth,TX,75008,03-27-2023
M00359,2202 Maple Cir,Suite 100,Plano,TX,75002,2024/11/20
M00360,4867 Maple Ct,Apt 2,Richardson,TX,75006,03/19/2023
M00361,6525 Lake Shore Ln,Apt 2,Allen,TX,75010,02/22/2024
M00362,949 Pine Rd,,Plano,TX,75002-7205,2023/05/10
M00363,7333 Sunset St,Apt 1,Allen,TX,75010,03-08-2024
M00364,6288 Maple Dr,Bldg 3,Carrollton,TX,75009-2348,2023-04-12
M00365,8357 Sunset St,,Richardson,TX,75006,2024/02/16
M00366,1791 Lake Shore Dr,Bldg 3,Irving,TX,75004,2024-04-09
M00367,8946 Willow Cir,Apt 2,Lewisville,TX,75007,10/02/2023
M00368,571 Lake Shore Pl,,Dallas,TX,75001,04-25-2024
M00369,4835 Main St,,Allen,TX,75010-9446,2023-09-08
M00370,6156 Valley View Pkwy,Apt 2,Dallas,TX,75001,2024-09-18
M00371,6703 Hill Crest Cir,Apt 2,Addison,TX,75005,02-02-2023
M00372,7970 S Riverside Ct,Bldg 3,Carrollton,TX,75009-6888,07/31/2023
M00373,691 Oak Blvd,,Addison,TX,75005,11/21/2023
M00374,3566 Oak Pl,,Richardson,TX,75006,06-18-2023
M00375,8541 N Valley View Rd,,Garland,TX,75003,2023/02/02
M00376,1095 Hill Crest Ave,,Fort Worth,TX,75008-7788,2023/03/06
M00377,9328 Willow Dr,,Addison,TX,75005,05/13/2023
M00378,4075 Main Cir,Apt 2,Dallas,TX,75001,2024-05-10
M00379,4835 Main Pkwy,Ste 200,Allen,TX,75010,2024/08/02
M00380,6065 Elm Pl,,Allen,TX,75010,07/30/2024
M00381,3609 Valley View St,,Garland,TX,75003,2024/09/09
M00382,9457 Valley View Ct,,Carrollton,TX,75009,01/05/2023
M00383,8580 Lake Shore St,,Irving,TX,75004,2023/08/21
M00384,705 Oak Cir,,Dallas,TX,75001-2639,02/16/2023
M00385,6620 Willow Rd,Unit B,Garland,TX,75003,2024-12-22
M00386,4209 Main Cir,Suite 100,Allen,TX,75010-2964,2024/03/24
M00387,9556 Lake Shore Cir,Apt 1,Allen,TX,75010-8604,03-01-2024
M00388,2544 S Maple Trl,,Plano,TX,75002,11-18-2024
M00389,9899 S Sunset Cir,,Fort Worth,TX,75008,2024-06-09
M00390,7996 Willow Pl,,Lewisville,TX,75007-9219,05-11-2024
M00391,7671 Lake Shore Rd,,Fort Worth,TX,75008-1064,06-14-2023
M00392,4580 Riverside Trl,,Addison,TX,75005-8090,07-22-2023
M00393,2960 Cedar Dr,,Plano,TX,75002,08/11/2023
M00394,7673 E Main Cir,Suite 100,Addison,TX,75005,11-30-2023
M00395,3854 Maple Dr,,Carrollton,TX,75009,2024-06-28
M00396,7014 Elm St,,Plano,TX,75002,06-12-2024
M00397,4308 Riverside Rd,,Addison,TX,75005-1501,2023/08/04
M00398,704 S Riverside Ct,Apt 2,Richardson,TX,75006-3618,2024-06-02
M00399,5097 Riverside Ct,Unit B,Allen,TX,75010,2023/01/24
M00400,9901 Pine Cir,,Fort Worth,TX,75008-9711,2023/07/19
M00401,1129 Willow Rd,Bldg 3,Dallas,TX,75001,2023/06/10
M00402,6095 Riverside Ct,Bldg 3,Addison,TX,75005,2024-08-27
M00403,3430 Hill Crest Pkwy,,Allen,TX,75010-2534,09/20/2023
M00404,6547 Valley View St,,Garland,TX,75003,2023/04/26
M00405,1690 Oak Blvd,Apt 2,Plano,TX,75002-7233,2024-12-11
M00406,7963 Sunset St,,Garland,TX,75003-3390,04/03/2024
M00407,8246 Lake Shore Trl,,Dallas,TX,75001-5644,2024-04-12
M00408,8466 Sunset St,,Plano,TX,75002-8611,01/16/2024
M00409,670 Cedar Rd,Unit B,Allen,TX,75010,04-29-2024
M00410,409 Sunset Ct,,Plano,TX,75002,2023/02/20
M00411,1670 Riverside Rd,,Irving,TX,75004-6614,02-11-2024
M00412,4075 Valley View Trl,,Dallas,TX,75001,2023/05/11
M00413,7660 W Pine Ave,,Addison,TX,75005-8242,2024-12-24
M00414,2600 Main Rd,Apt 1,Plano,TX,75002,2024-12-11
M00415,3389 Cedar Ct,Apt 1,Richardson,TX,75006-6164,2024-05-31
M00416,3168 Cedar Dr,Apt 1,Dallas,TX,75001,2024-07-17
M00417,1168 Sunset Ln,Apt 2,Dallas,TX,75001-6334,10-07-2024
M00418,8578 N Elm Pl,Apt 1,Allen,TX,75010,2023/10/30
M00419,1173 Sunset St,Suite 100,Allen,TX,75010,08-20-2024
M00420,4578 N Willow Cir,,Dallas,TX,75001,01-12-2023
M00421,3221 E Pine St,Unit B,Richardson,TX,75006,12/26/2024
M00422,979 N Riverside Ave,Bldg 3,Allen,TX,75010-1817,2024/03/23
M00423,6716 S Lake Shore Ct,,Addison,TX,75005,11/05/2023
M00424,6623 Riverside Dr,,Carrollton,TX,75009,05-21-2023
M00425,8655 Cedar Pl,,Dallas,TX,75001-3009,08/01/2023
M00426,1461 W Sunset Blvd,Ste 200,Fort Worth,TX,75008-3602,07/30/2023
M00427,7162 Cedar Cir,Apt 1,Allen,TX,75010-3111,11/21/2023
M00428,6553 Lake Shore Dr,,Allen,TX,75010,2024-02-23
M00429,6966 Pine Blvd,,Irving,TX,75004,2023-08-07
M00430,253 Pine Cir,,Plano,TX,75002-4004,06/29/2023
M00431,9476 Cedar Ave,Suite 100,Richardson,TX,75006-7260,2024/02/15
M00432,6056 Sunset Ave,Suite 100,Lewisville,TX,75007,2024-01-25
M00433,5547 Cedar Rd,Apt 1,Dallas,TX,75001,01/10/2024
M00434,9507 Willow Cir,Unit B,Addison,TX,75005,11/06/2023
M00435,6927 Willow Trl,,Garland,TX,75003-1365,2023-01-22
M00436,8593 Lake Shore Cir,Bldg 3,Fort Worth,TX,75008,2024-09-07
M00437,4249 Main St,Apt 2,Allen,TX,75010,2024-04-05
M00438,3197 E Cedar Cir,,Allen,TX,75010-6882,09/27/2023
M00439,5505 Main Cir,Apt 2,Fort Worth,TX,75008-7822,2023-01-20
M00440,7487 Pine Pl,Apt 1,Garland,TX,75003-3041,07-29-2024
M00441,8462 Riverside Blvd,Apt 2,Allen,TX,75010,12-07-2024
M00442,7696 Main Rd,Unit B,Fort Worth,TX,75008,2023/09/05
M00443,2903 N Maple Dr,Bldg 3,Irving,TX,75004-8428,2023-02-20
M00444,7383 Sunset Blvd,,Garland,TX,75003-1320,2023/04/30
M00445,7417 Oak Cir,Apt 2,Richardson,TX,75006,09-18-2024
M00446,9770 Riverside Ln,,Garland,TX,75003,08-02-2024
M00447,6262 Sunset Ave,,Addison,TX,75005,03/25/2023
M00448,2188 Riverside Ct,,Plano,TX,75002,2024-04-08
M00449,1259 Maple Dr,Suite 100,Garland,TX,75003-9433,06-10-2024
M00450,4602 Riverside Ave,,Addison,TX,75005-3212,02-29-2024
M00451,6618 Riverside Ct,Ste 200,Addison,TX,75005,2024/06/19
M00452,7406 N Valley View Ct,Suite 100,Dallas,TX,75001,05/06/2024
M00453,4125 Elm Trl,Apt 1,Irving,TX,75004,2024-03-28
M00454,9951 Valley View Blvd,Apt 1,Fort Worth,TX,75008,2024-04-14
M00455,7123 Sunset Ct,,Allen,TX,75010-6847,2023-07-29
M00456,3566 Willow Pkwy,Bldg 3,Irving,TX,75004,02/24/2024
M00457,7808 W Riverside Trl,Bldg 3,Lewisville,TX,75007-7203,12-08-2023
M00458,2158 Main Blvd,,Irving,TX,75004-9995,2023/06/29
M00459,5778 Willow Ln,Apt 1,Fort Worth,TX,75008-5395,08-17-2024
M00460,1797 Willow Rd,Suite 100,Plano,TX,75002,2024/04/27
M00461,1580 Maple Ct,Ste 200,Garland,TX,75003,2024/05/09
M00462,4433 Valley View Pkwy,Suite 100,Fort Worth,TX,75008,02/18/2024
M00463,648 S Main Trl,,Carrollton,TX,75009-1142,2024/02/09
M00464,5838 Valley View Ct,Ste 200,Richardson,TX,75006,07/21/2023
M00465,4120 Valley View Dr,Unit B,Plano,TX,75002-1782,2024/12/18
M00466,2173 Lake Shore Rd,Unit B,Irving,TX,75004-8546,06/19/2023
M00467,8443 Hill Crest Pkwy,Ste 200,Richardson,TX,75006,08-01-2024
M00468,4426 W Riverside Pl,Unit B,Carrollton,TX,75009-9794,11/06/2023
M00469,9767 S Main Ln,Unit B,Dallas,TX,75001,06-23-2023
M00470,1153 Willow Pl,,Richardson,TX,75006-9628,07/08/2024
M00471,1057 Willow Cir,,Garland,TX,75003,07/26/2024
M00472,1351 Cedar Trl,,Allen,TX,75010-9574,2024/11/04
M00473,1631 Maple Ct,Suite 100,Addison,TX,75005,09-28-2023
M00474,9956 Valley View Ave,Suite 100,Dallas,TX,75001,2024/05/07
M00475,5799 Main Trl,Apt 2,Lewisville,TX,75007,07/10/2023
M00476,9373 Maple Ave,,Allen,TX,75010,11-13-2024
M00477,2064 Sunset Ct,Unit B,Addison,TX,75005-4180,11/19/2024
M00478,6961 Willow Pl,,Irving,TX,75004,12-20-2024
M00479,2760 W Lake Shore Ave,,Garland,TX,75003,03/18/2024
M00480,6191 Main Cir,,Fort Worth,TX,75008,2023/10/03
M00481,4732 Cedar Trl,Suite 100,Garland,TX,75003-7865,2024-04-14
M00482,2907 Maple Cir,,Fort Worth,TX,75008,12-14-2023
M00483,1905 Cedar Rd,Apt 1,Fort Worth,TX,75008-7704,2024-11-10
M00484,3561 Main Dr,Suite 100,Lewisville,TX,75007,2024-11-26
M00485,8070 N Pine St,Apt 1,Garland,TX,75003,09/13/2023
M00486,8782 Riverside Trl,Apt 1,Richardson,TX,75006,2024/08/05
M00487,9942 Pine Pl,Suite 100,Richardson,TX,75006,08-10-2024
M00488,874 E Main Ave,Apt 2,Allen,TX,75010-6820,2023-02-19
M00489,8994 Maple Ct,,Garland,TX,75003-1969,07-22-2023
M00490,3797 E Oak Ln,,Plano,TX,75002,03/13/2023
M00491,9043 Cedar Trl,Bldg 3,Carrollton,TX,75009-4308,09-10-2024
M00492,9465 Main St,,Dallas,TX,75001-1523,2024/07/12
M00493,392 Main Dr,Apt 1,Plano,TX,75002,11-17-2024
M00494,1940 Hill Crest Pkwy,,Allen,TX,75010,04-21-2024
M00495,5606 Lake Shore Pl,Apt 2,Irving,TX,75004,12/29/2024
M00496,9463 Riverside Ct,Unit B,Garland,TX,75003,2023/10/19
M00497,589 Oak Pkwy,,Garland,TX,75003,12-08-2024
M00498,6541 S Main Dr,,Carrollton,TX,75009,2024-09-06
M00499,1440 Sunset Rd,Unit B,Fort Worth,TX,75008,03-31-2023
M00500,3769 Sunset Pl,,Plano,TX,75002,08/15/2023
M00501,1223 Hill Crest Dr,Suite 100,Carrollton,TX,75009-6573,05-16-2024
M00502,7489 Lake Shore Pl,Ste 200,Irving,TX,75004,03-19-2024
M00503,7242 Valley View Pl,Ste 200,Carrollton,TX,75009-5199,06-08-2024
M00504,2881 N Sunset Pl,,Garland,TX,75003-8411,11-24-2023
M00505,3691 Lake Shore Cir,Bldg 3,Fort Worth,TX,75008,2023/12/14
M00506,628 Lake Shore Ln,Ste 200,Dallas,TX,75001-6879,01-25-2024
M00507,2244 Pine Trl,Apt 1,Allen,TX,75010,2023/02/26
M00508,849 Cedar Ct,Suite 100,Fort Worth,TX,75008-8822,2023/08/18
M00509,1508 N Lake Shore Trl,Apt 2,Plano,TX,75002,06/27/2024
M00510,5678 Valley View Pkwy,,Dallas,TX,75001,2024-11-16
M00511,7420 Hill Crest Cir,Ste 200,Richardson,TX,75006,02/02/2024
M00512,5711 Lake Shore St,,Fort Worth,TX,75008,03/16/2023
M00513,6445 Main Blvd,Apt 2,Lewisville,TX,75007-1032,01-04-2023
M00514,3155 Main Ln,Apt 2,Plano,TX,75002,08/16/2024
M00515,3503 Elm Cir,,Fort Worth,TX,75008-3835,2023/03/30
M00516,6174 W Willow Ln,Suite 100,Addison,TX,75005-9805,05/06/2024
M00517,8673 Elm St,Apt 1,Addison,TX,75005-4050,09/21/2023
M00518,7103 Cedar Pl,Suite 100,Addison,TX,75005-2292,05-03-2024
M00519,7324 Elm Dr,Unit B,Richardson,TX,75006,2024-07-17
M00520,1743 Riverside Trl,Ste 200,Richardson,TX,75006,12-13-2023
M00521,9871 Cedar Rd,Apt 2,Plano,TX,75002-6664,06/14/2024
M00522,7705 Lake Shore Pkwy,,Addison,TX,75005,2024/03/05
M00523,259 Willow Cir,Suite 100,Dallas,TX,75001-8572,11/19/2024
M00524,1404 Oak St,Suite 100,Carrollton,TX,75009-7569,08-05-2024
M00525,3379 Hill Crest St,,Addison,TX,75005,10/06/2023
M00526,4067 Pine Pkwy,,Irving,TX,75004,08/23/2023
M00527,9199 Elm Pkwy,Suite 100,Carrollton,TX,75009,05/09/2023
M00528,7140 Lake Shore Trl,Bldg 3,Allen,TX,75010,03/18/2024
M00529,5542 Riverside St,Ste 200,Plano,TX,75002,2023-07-23
M00530,4014 Hill Crest Trl,,Garland,TX,75003,03/03/2024
M00531,4057 Willow Ave,,Dallas,TX,75001-9945,11/23/2024
M00532,8291 Lake Shore Dr,Unit B,Richardson,TX,75006,10-21-2023
M00533,8376 Maple Blvd,Suite 100,Addison,TX,75005-4469,2023-06-28
M00534,1604 W Cedar St,Suite 100,Dallas,TX,75001,2023-08-16
M00535,9443 Main Pkwy,,Allen,TX,75010,08-03-2023
M00536,4051 Oak Cir,,Fort Worth,TX,75008-1055,08/23/2024
M00537,6929 Willow Pkwy,Suite 100,Plano,TX,75002,05/30/2024
M00538,7265 Hill Crest St,Suite 100,Fort Worth,TX,75008,05-13-2024
M00539,4578 Oak Trl,,Allen,TX,75010-7761,2023-05-27
M00540,7547 Willow Cir,,Fort Worth,TX,75008,2023/05/16
M00541,7552 Main Pl,,Plano,TX,75002-1719,04-17-2023
M00542,2190 Main St,Suite 100,Garland,TX,75003-5675,06/06/2024
M00543,6202 Valley View Trl,,Dallas,TX,75001,2023-05-01
M00544,8588 Riverside Ave,,Plano,TX,75002,10/08/2024
M00545,7406 S Valley View Dr,Bldg 3,Fort Worth,TX,75008-4373,04-29-2023
M00546,1092 Pine Blvd,,Irving,TX,75004,12/04/2023
M00547,4647 Sunset Blvd,,Richardson,TX,75006,2024-07-22
M00548,9094 Main Cir,Ste 200,Addison,TX,75005,12/25/2024
M00549,4056 W Main Dr,,Fort Worth,TX,75008,04-06-2024
M00550,4466 Valley View St,,Dallas,TX,75001-1928,2023/10/09
M00551,2544 N Hill Crest Ct,Apt 1,Allen,TX,75010-3263,08/02/2024
M00552,391 Sunset Pkwy,,Addison,TX,75005,2023/04/27
M00553,5058 Oak St,Apt 2,Fort Worth,TX,75008,2024-04-09
M00554,6025 Oak Pl,Ste 200,Richardson,TX,75006,2024-11-23
M00555,4431 Lake Shore Ave,Apt 2,Garland,TX,75003-6260,2023-05-25
M00556,1516 Main Ct,Ste 200,Garland,TX,75003,03-10-2024
M00557,3305 Pine Dr,Bldg 3,Lewisville,TX,75007-2599,2024/09/20
M00558,3466 Maple Dr,,Richardson,TX,75006-2550,07/27/2024
M00559,4033 Main Pkwy,Apt 2,Allen,TX,75010,2024-05-11
M00560,9506 Sunset St,,Allen,TX,75010,2024-07-12
M00561,5122 Maple Pkwy,Suite 100,Allen,TX,75010-2168,2024/05/23
M00562,6155 Willow Ct,Suite 100,Irving,TX,75004,09-18-2024
M00563,3730 Riverside Pl,Apt 1,Allen,TX,75010-4735,07-30-2024
M00564,6172 S Cedar Dr,Apt 1,Dallas,TX,75001-5186,09-01-2024
M00565,5797 N Lake Shore Pkwy,,Lewisville,TX,75007-1630,2024/03/21
M00566,4312 Lake Shore Pkwy,,Addison,TX,75005-8922,04-08-2023
M00567,8575 Elm Trl,Ste 200,Addison,TX,75005,01/05/2024
M00568,8289 Elm Ave,Unit B,Richardson,TX,75006-7307,09-04-2024
M00569,8497 Pine Ct,,Carrollton,TX,75009,2023/08/12
M00570,7065 Maple Pkwy,,Irving,TX,75004,07/12/2024
M00571,1845 Pine Rd,Apt 1,Lewisville,TX,75007,2024-05-08
M00572,9261 Valley View Ct,Ste 200,Allen,TX,75010-9632,2023-04-19
M00573,5116 Hill Crest Cir,Apt 2,Carrollton,TX,75009,2024-03-30
M00574,241 Riverside Ct,Bldg 3,Plano,TX,75002-2277,12-25-2024
M00575,5593 S Maple Cir,Apt 2,Carrollton,TX,75009,04/22/2024
M00576,3844 Elm Pkwy,,Fort Worth,TX,75008-5780,10-01-2024
M00577,1471 Riverside Rd,,Irving,TX,75004-8970,01-17-2023
M00578,324 Sunset Dr,Apt 2,Garland,TX,75003,03/12/2023
M00579,5480 S Oak Ln,Suite 100,Allen,TX,75010,2023/05/05
M00580,8245 Lake Shore Rd,,Carrollton,TX,75009-7846,06/08/2024
M00581,4548 Cedar Ave,Apt 2,Fort Worth,TX,75008,09/28/2023
M00582,3589 Hill Crest Blvd,Apt 2,Fort Worth,TX,75008,03/08/2024
M00583,3035 Valley View Ln,Apt 1,Allen,TX,75010,03-06-2023
M00584,4913 Oak St,,Carrollton,TX,75009,2023/02/10
M00585,9772 Riverside Pkwy,Ste 200,Dallas,TX,75001,08-05-2024
M00586,2791 Oak Rd,Apt 1,Allen,TX,75010,2023/05/23
M00587,3189 W Willow Ave,Ste 200,Addison,TX,75005-1619,05-27-2024
M00588,1460 Oak Blvd,Apt 1,Allen,TX,75010,07-06-2023
M00589,5501 Cedar Rd,,Dallas,TX,75001-7319,2023/09/25
M00590,2943 W Hill Crest St,,Lewisville,TX,75007-9215,12-29-2024
M00591,6652 Elm Ln,Ste 200,Dallas,TX,75001,08/15/2023
M00592,6960 Hill Crest Pkwy,Suite 100,Fort Worth,TX,75008-1014,2024/01/22
M00593,2753 Sunset Ave,Apt 1,Plano,TX,75002-1822,02-13-2024
M00594,1935 Oak Rd,,Richardson,TX,75006-5823,2023/11/03
M00595,1993 Willow Blvd,Ste 200,Carrollton,TX,75009,04-06-2024
M00596,555 W Cedar Rd,,Garland,TX,75003,2023/08/29
M00597,6728 Valley View Dr,Apt 2,Garland,TX,75003,04/03/2023
M00598,8082 Elm St,,Dallas,TX,75001-7812,01-15-2024
M00599,4900 Elm Trl,Ste 200,Addison,TX,75005,01/27/2023
M00600,6972 Hill Crest Blvd,Apt 2,Dallas,TX,75001,08-16-2023
M00601,7070 Riverside Trl,Apt 1,Dallas,TX,75001,2024-02-10
M00602,7694 Oak Pl,,Allen,TX,75010,2024-07-01
M00603,4112 Cedar Ln,Apt 1,Fort Worth,TX,75008,07/18/2023
M00604,9409 Hill Crest Ln,Ste 200,Lewisville,TX,75007,07-06-2023
M00605,5422 Lake Shore Pl,,Lewisville,TX,75007,2024/09/03
M00606,270 Main St,Ste 200,Garland,TX,75003-4680,03-06-2024
M00607,2937 Valley View Blvd,,Irving,TX,75004,2023/12/10
M00608,4807 Oak Ln,,Plano,TX,75002-8220,2023-09-18
M00609,2016 Hill Crest Ct,,Fort Worth,TX,75008,09-03-2024
M00610,7196 Pine Ln,Apt 2,Plano,TX,75002-1834,02/16/2024
M00611,7536 Pine Ave,Apt 2,Irving,TX,75004,06-23-2024
M00612,7070 Cedar Rd,,Garland,TX,75003-9724,2023-07-11
M00613,3000 Sunset Pl,Unit B,Garland,TX,75003,08/16/2024
M00614,3820 Pine Blvd,Apt 1,Garland,TX,75003,03-22-2023
M00615,3777 Willow Rd,,Lewisville,TX,75007,2023/05/17
M00616,7076 Maple Pkwy,Apt 1,Dallas,TX,75001,2024-02-14
M00617,1551 N Lake Shore Dr,Ste 200,Richardson,TX,75006,2023/01/29
M00618,2437 Cedar Pl,Ste 200,Plano,TX,75002,2024/04/01
M00619,8383 Lake Shore Cir,,Plano,TX,75002,2023/04/06
M00620,7078 Elm Pl,Apt 1,Irving,TX,75004,2023/06/16
M00621,9518 Maple Rd,Apt 2,Plano,TX,75002,03-20-2024
M00622,9946 Maple Rd,,Lewisville,TX,75007-8765,2024/03/20
M00623,4527 Willow Dr,Suite 100,Plano,TX,75002,2024-06-14
M00624,7605 Valley View Dr,,Garland,TX,75003,04-28-2023
M00625,9795 Pine Cir,Apt 2,Dallas,TX,75001-8657,08-08-2024
M00626,5654 S Lake Shore Pl,,Carrollton,TX,75009,2023/02/09
M00627,4387 Maple Blvd,Apt 2,Carrollton,TX,75009,06/10/2024
M00628,4026 Valley View Ct,,Lewisville,TX,75007,2023-04-20
M00629,4239 Oak Blvd,,Addison,TX,75005,2023/12/10
M00630,6086 Elm Rd,,Garland,TX,75003,2024/06/19
M00631,9105 Oak Ave,,Irving,TX,75004,05-21-2023
M00632,6256 Sunset Pl,Apt 1,Allen,TX,75010,2024-07-28
M00633,9895 Riverside Blvd,Bldg 3,Garland,TX,75003,2023-08-02
M00634,2760 Oak Dr,,Irving,TX,75004,06/07/2023
M00635,1187 Hill Crest Cir,Suite 100,Dallas,TX,75001,2023-04-08
M00636,1425 Elm Ln,Apt 2,Dallas,TX,75001-4875,2024-01-20
M00637,3714 Main Pl,,Addison,TX,75005-6349,2024/01/17
M00638,1472 E Willow Pl,,Dallas,TX,75001,05-22-2024
M00639,324 N Riverside Blvd,Bldg 3,Addison,TX,75005,03/26/2023
M00640,5752 Valley View Blvd,Apt 2,Richardson,TX,75006,07/30/2024
M00641,3814 Oak St,Apt 2,Allen,TX,75010-6175,11-19-2023
M00642,2080 Pine Cir,,Carrollton,TX,75009-8779,2024-12-06
M00643,2937 Cedar Rd,Apt 2,Plano,TX,75002,03-05-2023
M00644,8045 Oak St,Apt 1,Lewisville,TX,75007,01-12-2023
M00645,4715 Sunset Pl,Ste 200,Plano,TX,75002-4579,2023-08-14
M00646,664 Valley View Cir,Unit B,Carrollton,TX,75009-4803,05-21-2024
M00647,8304 S Valley View Rd,,Garland,TX,75003,2024/03/05
M00648,3222 S Oak Blvd,,Irving,TX,75004-2961,08-12-2024
M00649,4211 Maple Dr,Unit B,Plano,TX,75002,2023/06/14
M00650,4948 Valley View Ave,,Dallas,TX,75001-1725,02-18-2024
M00651,1198 Valley View Pkwy,Bldg 3,Addison,TX,75005,2024-06-18
M00652,6425 N Elm Rd,Ste 200,Fort Worth,TX,75008,2024/05/02
M00653,1793 Cedar Ave,,Plano,TX,75002-3839,04-17-2024
M00654,3355 Maple Ave,Ste 200,Dallas,TX,75001,08/23/2024
M00655,5938 E Oak Cir,Apt 1,Fort Worth,TX,75008,2023/08/04
M00656,5610 Hill Crest Ave,Suite 100,Plano,TX,75002,09-21-2024
M00657,6568 Elm Pkwy,,Garland,TX,75003,07/25/2024
M00658,3642 Lake Shore Trl,Bldg 3,Irving,TX,75004,2023-08-29
M00659,1291 Sunset Ct,,Fort Worth,TX,75008-1829,06-21-2024
M00660,803 Main Ct,Suite 100,Dallas,TX,75001,2024/12/05
M00661,8095 Oak Cir,,Allen,TX,75010,06/19/2024
M00662,4875 Valley View Ln,Apt 2,Lewisville,TX,75007-2776,2024/02/03
M00663,4990 Riverside Ln,Suite 100,Lewisville,TX,75007,2024-03-15
M00664,9619 Cedar Ct,Unit B,Allen,TX,75010-3739,07/25/2023
M00665,562 Cedar Cir,,Dallas,TX,75001,07/26/2024
M00666,4396 Riverside Ct,,Richardson,TX,75006,2023/11/26
M00667,5899 Hill Crest Cir,,Richardson,TX,75006-7964,2023-08-01
M00668,9303 Cedar Ct,,Plano,TX,75002,10-07-2023
M00669,7682 Main St,,Carrollton,TX,75009,03/19/2024
M00670,9488 Willow Ct,Ste 200,Garland,TX,75003-5766,2024-01-20
M00671,9690 Valley View St,Bldg 3,Dallas,TX,75001-8374,02-06-2024
M00672,7529 N Main Pkwy,Apt 1,Addison,TX,75005-5624,05-10-2023
M00673,2082 Valley View Pkwy,,Carrollton,TX,75009,2023/12/10
M00674,1966 Hill Crest Cir,,Addison,TX,75005,06-05-2024
M00675,1386 Riverside St,Apt 1,Lewisville,TX,75007-3005,2024/08/09
M00676,5756 S Maple Ln,,Plano,TX,75002,2024-07-08
M00677,4184 Valley View Pkwy,Unit B,Plano,TX,75002,04-13-2024
M00678,4957 Hill Crest Pl,Bldg 3,Addison,TX,75005,06/15/2024
M00679,5723 Lake Shore Pl,,Carrollton,TX,75009-1241,2024/05/17
M00680,4141 S Lake Shore Dr,Suite 100,Carrollton,TX,75009,10/28/2023
M00681,9580 W Maple Dr,,Allen,TX,75010,2023-01-24
M00682,6843 Sunset Cir,Apt 1,Plano,TX,75002-1071,2023-11-07
M00683,2455 Oak Pkwy,,Fort Worth,TX,75008,11/04/2023
M00684,122 S Riverside Cir,Apt 2,Lewisville,TX,75007-2631,04/05/2024
M00685,2288 Elm Dr,Bldg 3,Fort Worth,TX,75008-4888,10-30-2024
M00686,6730 Pine Dr,,Fort Worth,TX,75008,11/16/2023
M00687,6583 Cedar Rd,,Irving,TX,75004-8503,2023/07/10
M00688,5296 Elm Ct,Bldg 3,Carrollton,TX,75009,2024/01/15
M00689,6601 Valley View Ln,,Lewisville,TX,75007-8949,2023/08/21
M00690,9821 Cedar Cir,Apt 2,Irving,TX,75004,2024/07/28
M00691,6093 E Maple Dr,,Fort Worth,TX,75008,03/01/2024
M00692,8576 Valley View St,,Addison,TX,75005,2023/02/27
M00693,2830 N Hill Crest Pkwy,Apt 2,Carrollton,TX,75009-4140,2024-04-03
M00694,9658 Main St,Unit B,Fort Worth,TX,75008,09/01/2024
M00695,5069 E Pine Ln,,Lewisville,TX,75007,01/10/2023
M00696,365 Riverside Trl,,Carrollton,TX,75009-6102,07-10-2023
M00697,6142 Cedar Trl,Apt 2,Lewisville,TX,75007,01/29/2023
M00698,2321 Main Rd,Bldg 3,Garland,TX,75003,2023-12-28
M00699,7502 Maple Cir,,Allen,TX,75010-9135,2023-09-18
M00700,5280 Maple Trl,,Fort Worth,TX,75008,11-19-2024
M00701,8954 Hill Crest St,Suite 100,Lewisville,TX,75007-1643,2023/11/14
M00702,7281 Oak Ave,Ste 200,Carrollton,TX,75009-5591,05/07/2023
M00703,494 Oak Blvd,Suite 100,Lewisville,TX,75007,2024/09/10
M00704,690 Oak Pkwy,,Addison,TX,75005,2024-03-08
M00705,8925 Pine Pl,Apt 1,Lewisville,TX,75007,2024-06-17
M00706,3507 Maple Ln,Suite 100,Richardson,TX,75006-3833,05/10/2023
M00707,6575 Elm Pkwy,Suite 100,Carrollton,TX,75009,2023-10-06
M00708,5160 N Valley View Pl,Suite 100,Richardson,TX,75006-7056,2023/11/10
M00709,1245 Maple Blvd,Unit B,Fort Worth,TX,75008,2023-12-21
M00710,9236 Lake Shore Ct,Bldg 3,Addison,TX,75005,2024-01-15
M00711,5132 Oak Rd,,Lewisville,TX,75007,03-01-2024
M00712,1422 Cedar Pkwy,,Richardson,TX,75006-9981,2024/10/22
M00713,9313 Riverside Ct,,Richardson,TX,75006,04/02/2024
M00714,132 W Valley View Dr,Bldg 3,Dallas,TX,75001,2023-08-23
M00715,1836 Maple Cir,Apt 1,Fort Worth,TX,75008-6981,04-24-2024
M00716,4980 W Oak Ct,Unit B,Carrollton,TX,75009-7547,2023-03-17
M00717,319 Sunset Trl,Suite 100,Carrollton,TX,75009-3262,2023-10-01
M00718,768 Pine Ln,,Lewisville,TX,75007,05/28/2024
M00719,983 E Main Ln,Ste 200,Allen,TX,75010-9201,2023-03-10
M00720,4745 Main Ave,Unit B,Dallas,TX,75001,05/07/2024
M00721,4677 Hill Crest Ct,Apt 2,Irving,TX,75004-8768,2024-04-05
M00722,8136 S Willow Trl,Unit B,Carrollton,TX,75009,2024-04-03
M00723,7866 S Lake Shore Rd,Suite 100,Allen,TX,75010,08/05/2023
M00724,514 Willow Pl,Bldg 3,Fort Worth,TX,75008-8596,02/28/2024
M00725,7396 Cedar Cir,,Allen,TX,75010,04/26/2024
M00726,9812 Cedar Ln,Apt 2,Garland,TX,75003,2024/10/29
M00727,4657 Maple Cir,,Plano,TX,75002-4868,01/12/2024
M00728,7656 Main Dr,Apt 2,Plano,TX,75002-8284,2024-10-31
M00729,9304 Willow Trl,,Carrollton,TX,75009,12/18/2024
M00730,362 Maple Cir,,Carrollton,TX,75009,2023/11/12
M00731,867 W Riverside Ct,,Carrollton,TX,75009,2023/04/11
M00732,6210 N Main Pkwy,Bldg 3,Dallas,TX,75001,05-01-2024
M00733,2456 N Cedar Pkwy,,Plano,TX,75002,12-13-2024
M00734,5019 E Valley View St,Apt 1,Lewisville,TX,75007-2271,10-25-2024
M00735,6853 N Valley View Dr,Suite 100,Carrollton,TX,75009,2023/12/17
M00736,8953 Oak St,,Plano,TX,75002,2024/04/28
M00737,5766 Lake Shore Pl,Unit B,Irving,TX,75004-7204,10/06/2023
M00738,1431 Maple Trl,Unit B,Allen,TX,75010,2024-03-10
M00739,399 Lake Shore Pkwy,,Carrollton,TX,75009,07/28/2023
M00740,9061 Oak Ave,,Lewisville,TX,75007-2695,2023/09/14
M00741,3906 Elm Cir,,Garland,TX,75003-6469,2024/10/06
M00742,717 Hill Crest Ave,,Dallas,TX,75001,2023-06-13
M00743,9609 Pine Pl,Bldg 3,Carrollton,TX,75009,10-14-2024
M00744,9390 Valley View Trl,,Lewisville,TX,75007,10-28-2023
M00745,1599 Cedar Blvd,,Allen,TX,75010,09/19/2023
M00746,987 S Maple Blvd,,Richardson,TX,75006,01/25/2024
M00747,4776 W Main Ave,Bldg 3,Addison,TX,75005,2024/05/24
M00748,3947 Cedar Rd,Ste 200,Plano,TX,75002,2024/02/23
M00749,6340 Willow St,,Allen,TX,75010,2024/03/21
M00750,4561 Willow Pkwy,,Irving,TX,75004,2023-10-29
M00751,2569 Valley View Pkwy,,Fort Worth,TX,75008,07-23-2024
M00752,1602 Riverside St,,Irving,TX,75004-2481,11-12-2024
M00753,9453 Lake Shore Ln,,Allen,TX,75010,01/23/2023
M00754,1499 Maple Ct,Bldg 3,Fort Worth,TX,75008,2023/05/02
M00755,8777 W Pine Ave,,Addison,TX,75005,12/09/2024
M00756,1729 S Main Pkwy,,Lewisville,TX,75007,2024-04-27
M00757,3031 Maple Ct,Ste 200,Lewisville,TX,75007,10/27/2023
M00758,2237 Riverside Ave,,Dallas,TX,75001-6773,2023/02/08
M00759,5865 Cedar Ct,,Garland,TX,75003-1425,05/24/2023
M00760,8217 Maple Ct,Unit B,Dallas,TX,75001-8579,2024-11-01
M00761,6841 Hill Crest Ln,Unit B,Richardson,TX,75006,11-19-2023
M00762,7036 Cedar Ct,,Lewisville,TX,75007,02/20/2024
M00763,3976 Willow Ln,Unit B,Plano,TX,75002,2024/01/09
M00764,3673 Willow Rd,Ste 200,Irving,TX,75004-6748,01-16-2024
M00765,9666 Cedar Rd,Suite 100,Addison,TX,75005-1812,2023/01/18
M00766,6057 S Maple Trl,,Dallas,TX,75001,09-22-2023
M00767,9306 Lake Shore Rd,,Richardson,TX,75006,05/13/2023
M00768,3593 Riverside Dr,Unit B,Plano,TX,75002-3843,09/21/2024
M00769,6135 Elm Pl,Ste 200,Garland,TX,75003-2825,09-01-2024
M00770,4550 Lake Shore Ln,Apt 2,Irving,TX,75004-1087,2024/06/06
M00771,9792 Sunset Ct,Suite 100,Irving,TX,75004-4743,2024-03-07
M00772,1356 Riverside Dr,Ste 200,Allen,TX,75010,06/24/2024
M00773,9679 Riverside Rd,Ste 200,Carrollton,TX,75009-3823,04/10/2024
M00774,7340 Sunset Dr,Bldg 3,Garland,TX,75003,04/16/2023
M00775,719 Oak Ln,Unit B,Fort Worth,TX,75008,10-08-2023
M00776,122 N Willow Pkwy,Unit B,Irving,TX,75004-3857,11-16-2023
M00777,1950 Lake Shore Ave,Unit B,Irving,TX,75004,2023/01/07
M00778,1354 E Elm Dr,Suite 100,Plano,TX,75002,2023-01-26
M00779,2742 Main Pkwy,,Dallas,TX,75001,09-23-2023
M00780,9656 Valley View Ct,,Addison,TX,75005,2023-11-21
M00781,8521 Riverside Ln,,Garland,TX,75003-8934,08/18/2023
M00782,3332 Hill Crest Cir,Apt 2,Plano,TX,75002,02-03-2023
M00783,3492 Maple Rd,,Carrollton,TX,75009,2024/11/18
M00784,3337 Hill Crest Rd,Apt 1,Addison,TX,75005,07/24/2024
M00785,6429 E Sunset Ct,Apt 1,Garland,TX,75003-8218,03/04/2024
M00786,2602 Willow Pl,,Richardson,TX,75006,2023/01/11
M00787,2339 Lake Shore St,Apt 2,Addison,TX,75005,11/12/2023
M00788,5658 Willow St,Ste 200,Richardson,TX,75006-2807,12-19-2023
M00789,482 Willow Ln,,Irving,TX,75004-7384,12-14-2023
M00790,8878 Maple Ave,Apt 1,Garland,TX,75003,2023/01/15
M00791,6280 W Sunset Rd,,Allen,TX,75010,10-02-2024
M00792,7795 Valley View Pkwy,,Lewisville,TX,75007-3157,10/20/2023
M00793,2300 E Riverside Dr,,Lewisville,TX,75007,09-04-2024
M00794,6284 Sunset St,Unit B,Lewisville,TX,75007,2024/12/23
M00795,4244 Main Trl,,Addison,TX,75005,2024/10/05
M00796,3614 S Riverside Pkwy,Ste 200,Allen,TX,75010-7711,02/23/2024
M00797,8839 E Maple Ct,Bldg 3,Carrollton,TX,75009,2023-02-10
M00798,7729 W Valley View Ave,Apt 1,Richardson,TX,75006,07/24/2023
M00799,385 Oak Pkwy,,Dallas,TX,75001,2023/09/19
M00800,3120 Main Ave,,Irving,TX,75004-2826,03-14-2024
M00801,3619 Riverside Ln,,Richardson,TX,75006-5170,2024-11-09
M00802,1326 Sunset Ct,Bldg 3,Lewisville,TX,75007,11-13-2024
M00803,7175 Maple Cir,,Irving,TX,75004-7216,2024/06/21
M00804,8729 Willow Pl,Apt 2,Richardson,TX,75006,2023/10/06
M00805,2597 Sunset Trl,Ste 200,Carrollton,TX,75009,02/19/2023
M00806,4965 N Valley View Trl,,Carrollton,TX,75009,2024-12-20
M00807,7847 Main Cir,,Lewisville,TX,75007,2023-07-29
M00808,2311 N Riverside St,Unit B,Fort Worth,TX,75008-9803,2024/04/24
M00809,5166 Lake Shore Cir,,Addison,TX,75005,09-10-2023
M00810,1774 Elm Dr,,Irving,TX,75004-3390,2024-11-23
M00811,1512 Lake Shore Ln,Apt 2,Dallas,TX,75001-4127,2024/06/12
M00812,9602 Hill Crest Rd,Apt 1,Lewisville,TX,75007-6616,07-19-2023
M00813,898 W Lake Shore Trl,Ste 200,Garland,TX,75003,2023/02/04
M00814,4533 Riverside Rd,,Fort Worth,TX,75008-7904,2023/09/27
M00815,3814 E Sunset Pl,,Carrollton,TX,75009-8005,2023-06-24
M00816,1555 Sunset Dr,,Richardson,TX,75006,12/25/2024
M00817,7270 Oak Pkwy,,Garland,TX,75003,2024-08-07
M00818,766 Main Ave,Unit B,Richardson,TX,75006,2024-01-19
M00819,7826 Lake Shore Trl,,Lewisville,TX,75007-7481,02/16/2024
M00820,3715 Pine Ct,,Allen,TX,75010-3621,2023/01/13
M00821,2891 N Sunset Dr,,Plano,TX,75002,2024/11/25
M00822,7977 Pine Rd,,Richardson,TX,75006-9019,2023/07/01
M00823,5093 Maple Dr,,Dallas,TX,75001,2023/06/02
M00824,2174 Sunset Dr,Ste 200,Plano,TX,75002,2023/12/04
M00825,6122 Lake Shore Ln,Ste 200,Plano,TX,75002,12-29-2024
M00826,8323 Oak Ln,Apt 1,Fort Worth,TX,75008,2024/03/30
M00827,8490 Elm Ave,,Garland,TX,75003,2023-10-14
M00828,4087 W Pine Pl,,Dallas,TX,75001,2024-12-24
M00829,7873 Sunset Pkwy,Apt 1,Richardson,TX,75006,2023/12/20
M00830,9632 Main Pl,Suite 100,Plano,TX,75002,2023-05-05
M00831,9325 Riverside Cir,Apt 2,Fort Worth,TX,75008,2023/11/29
M00832,7477 E Cedar Ave,Apt 1,Dallas,TX,75001,2023-10-01
M00833,4167 Sunset Trl,Apt 1,Allen,TX,75010,08-20-2024
M00834,7695 W Hill Crest Blvd,,Irving,TX,75004,10/23/2023
M00835,1439 W Willow Blvd,Apt 1,Dallas,TX,75001,2024-12-20
M00836,9273 S Lake Shore Trl,Unit B,Richardson,TX,75006,2023-11-05
M00837,548 N Hill Crest Dr,Bldg 3,Garland,TX,75003-9771,02-23-2024
M00838,3999 Willow Blvd,Apt 2,Richardson,TX,75006,02-04-2023
M00839,3911 Riverside Ln,,Richardson,TX,75006,02-04-2023
M00840,9834 Cedar Dr,,Carrollton,TX,75009-6643,2024/01/15
M00841,6722 Valley View Ave,Bldg 3,Dallas,TX,75001-1277,2024-04-06
M00842,4199 Valley View Rd,Ste 200,Lewisville,TX,75007,11/28/2024
M00843,3936 E Pine Blvd,Apt 1,Lewisville,TX,75007,2023/02/01
M00844,4542 Oak Trl,,Allen,TX,75010-8084,12/11/2024
M00845,6391 W Sunset Rd,,Garland,TX,75003,08-29-2023
M00846,9440 Pine Trl,Suite 100,Garland,TX,75003,08-18-2023
M00847,2681 E Valley View Pl,Ste 200,Plano,TX,75002,06-04-2023
M00848,3755 Riverside Ln,,Irving,TX,75004-5133,04-22-2023
M00849,9126 Oak Cir,Suite 100,Dallas,TX,75001-6496,2024-01-23
M00850,2940 Maple Ave,,Garland,TX,75003-5691,04/16/2023
M00851,6808 Sunset Ct,Apt 2,Carrollton,TX,75009,2024/05/19
M00852,1243 Pine St,,Plano,TX,75002-8132,12-14-2023
M00853,7120 Willow Dr,,Garland,TX,75003,2023/09/16
M00854,6363 Oak Trl,Apt 2,Fort Worth,TX,75008,2023-12-03
M00855,7524 Riverside Pl,,Allen,TX,75010,07/09/2024
M00856,8613 Cedar Cir,Ste 200,Carrollton,TX,75009,07/16/2024
M00857,7250 Elm Trl,,Lewisville,TX,75007-9145,2024/01/06
M00858,3521 Oak Pkwy,,Lewisville,TX,75007,09-17-2024
M00859,3685 Sunset Trl,Apt 2,Dallas,TX,75001-4886,2024/02/20
M00860,3471 Main Dr,Bldg 3,Allen,TX,75010,2023/06/13
M00861,9106 Willow Ln,Ste 200,Allen,TX,75010,02/14/2023
M00862,5913 Maple Ln,Unit B,Garland,TX,75003,2023/01/20
M00863,6283 E Riverside Rd,Ste 200,Dallas,TX,75001,12-25-2024
M00864,8188 Lake Shore Trl,Bldg 3,Plano,TX,75002,09-01-2023
M00865,6127 E Elm Pkwy,Suite 100,Richardson,TX,75006,2024/10/16
M00866,8594 Elm Rd,Bldg 3,Richardson,TX,75006,08-03-2023
M00867,1286 Willow Dr,,Fort Worth,TX,75008-8698,03/05/2024
M00868,2320 Lake Shore Rd,Unit B,Irving,TX,75004-2765,2023-11-25
M00869,9648 Riverside Dr,,Plano,TX,75002-7207,10-29-2024
M00870,1203 Elm Trl,Apt 1,Irving,TX,75004,07/13/2023
M00871,6153 Riverside Cir,Ste 200,Fort Worth,TX,75008,2023/03/23
M00872,2891 Elm Pkwy,,Irving,TX,75004,07/23/2023
M00873,872 Oak Pkwy,,Carrollton,TX,75009-4662,2023-04-20
M00874,6866 Main Ave,Ste 200,Lewisville,TX,75007,2024/08/29
M00875,9739 Elm Cir,Unit B,Garland,TX,75003-2764,07/15/2023
M00876,929 Main Cir,,Plano,TX,75002-1528,04-29-2023
M00877,3858 Main Ct,Unit B,Fort Worth,TX,75008-6755,2024/08/10
M00878,7516 Riverside Pkwy,Ste 200,Garland,TX,75003,2023/09/17
M00879,141 Lake Shore Ln,Bldg 3,Plano,TX,75002,2024/06/02
M00880,5942 Willow Rd,,Dallas,TX,75001-6674,04-01-2023
M00881,4540 Valley View St,Bldg 3,Richardson,TX,75006-6498,2023-01-17
M00882,9230 W Pine Dr,,Irving,TX,75004-3692,01-07-2024
M00883,1203 W Willow Ave,Bldg 3,Garland,TX,75003,05/19/2023
M00884,7316 Oak Ave,Apt 2,Irving,TX,75004-3946,2023/08/05
M00885,8124 Cedar Ln,,Garland,TX,75003,12-11-2023
M00886,8497 E Hill Crest Rd,Apt 2,Addison,TX,75005-8911,10-21-2023
M00887,2896 N Sunset Cir,Apt 2,Carrollton,TX,75009,02-17-2023
M00888,1774 Valley View Pkwy,Apt 2,Fort Worth,TX,75008,07/18/2023
M00889,352 Cedar Cir,Apt 2,Plano,TX,75002,01/08/2024
M00890,7115 E Hill Crest St,,Allen,TX,75010-3472,07-13-2024
M00891,3746 Cedar Rd,Ste 200,Addison,TX,75005-9310,2024-08-09
M00892,6708 Oak Pl,,Dallas,TX,75001,12-05-2024
M00893,2587 Pine Ave,,Dallas,TX,75001,2024/03/13
M00894,923 Lake Shore Blvd,Unit B,Addison,TX,75005-5658,07/24/2024
M00895,7489 Main Trl,Suite 100,Addison,TX,75005,2024-04-15
M00896,3729 W Oak Dr,Unit B,Garland,TX,75003,08/02/2023
M00897,1988 Pine St,,Addison,TX,75005-7353,10/13/2024
M00898,4653 S Lake Shore Pl,Unit B,Richardson,TX,75006,2023/04/08
M00899,7337 Valley View St,,Fort Worth,TX,75008,2024/04/05
M00900,7967 E Oak Trl,Bldg 3,Garland,TX,75003,03/31/2024
M00901,7178 Pine Blvd,Ste 200,Lewisville,TX,75007,09-22-2024
M00902,6358 Riverside Pkwy,Unit B,Lewisville,TX,75007-8104,2023/03/22
M00903,6273 Cedar Ln,Unit B,Plano,TX,75002-8959,07/22/2023
M00904,9341 Maple Blvd,Bldg 3,Irving,TX,75004,01-20-2024
M00905,7948 N Valley View Rd,,Allen,TX,75010,2023-12-05
M00906,3404 Sunset Pl,Apt 2,Richardson,TX,75006,07-06-2023
M00907,1216 W Pine Ct,Apt 2,Allen,TX,75010,2023-09-13
M00908,3661 N Valley View Ln,Bldg 3,Richardson,TX,75006,03-30-2024
M00909,9441 Cedar Rd,,Fort Worth,TX,75008-8265,07/04/2024
M00910,4551 Pine Pkwy,,Irving,TX,75004,2024-07-12
M00911,3389 Sunset Trl,,Garland,TX,75003,09-28-2024
M00912,325 Willow Dr,,Addison,TX,75005,01-04-2023
M00913,4800 Maple Ln,Bldg 3,Carrollton,TX,75009,2023-07-19
M00914,2074 Elm Pkwy,,Allen,TX,75010,2024/04/29
M00915,1009 Elm Ave,,Dallas,TX,75001-5145,2023-04-19
M00916,620 S Main Pkwy,,Lewisville,TX,75007-1866,2024-01-28
M00917,4276 Maple Rd,,Richardson,TX,75006,10-27-2023
M00918,7549 Maple Ln,Apt 2,Plano,TX,75002-6656,2024-10-19
M00919,2466 Main Rd,Apt 2,Carrollton,TX,75009,02/04/2024
M00920,9831 Sunset Ct,Apt 2,Carrollton,TX,75009-4872,2023/11/15
M00921,3376 Sunset Ln,Apt 2,Dallas,TX,75001,2023/01/10
M00922,7181 Elm Ln,,Fort Worth,TX,75008,05-21-2024
M00923,6249 S Cedar Blvd,,Irving,TX,75004-9965,10/23/2024
M00924,8652 Valley View Trl,Ste 200,Irving,TX,75004,11-03-2023
M00925,5138 W Pine Ct,Bldg 3,Lewisville,TX,75007,10-22-2024
M00926,3715 Lake Shore Pkwy,,Addison,TX,75005-9452,03/30/2024
M00927,9602 Maple Dr,Apt 1,Garland,TX,75003,2024-11-10
M00928,5121 Elm Trl,Apt 2,Allen,TX,75010,04/10/2024
M00929,3504 Riverside Pkwy,,Plano,TX,75002-1792,2023/01/03
M00930,125 Lake Shore Dr,Bldg 3,Allen,TX,75010,11/11/2024
M00931,5911 Pine Ln,Suite 100,Richardson,TX,75006,02/04/2023
M00932,2322 Pine Ln,,Plano,TX,75002-9481,2023-12-15
M00933,4512 Maple Cir,,Addison,TX,75005,09/16/2024
M00934,8875 Main Dr,,Garland,TX,75003,2023/12/25
M00935,9384 Riverside St,Suite 100,Dallas,TX,75001,2023/10/07
M00936,1609 W Riverside Pkwy,Apt 1,Fort Worth,TX,75008,2023/04/07
M00937,8508 Main Ave,,Carrollton,TX,75009-4938,2023/03/17
M00938,632 Sunset St,,Irving,TX,75004-4124,2023/07/28
M00939,415 Valley View Ave,,Allen,TX,75010,02/20/2024
M00940,7413 Cedar Blvd,,Allen,TX,75010-4240,10/11/2024
M00941,5817 S Maple Cir,,Irving,TX,75004-8984,2024-04-02
M00942,1025 Valley View Rd,Apt 2,Richardson,TX,75006,07/15/2024
M00943,7517 Sunset St,Ste 200,Richardson,TX,75006,2024-10-05
M00944,4557 Oak Trl,Apt 2,Lewisville,TX,75007,08/28/2024
M00945,7977 Valley View Ct,,Garland,TX,75003,2023/08/20
M00946,7757 Main Pkwy,Apt 2,Plano,TX,75002,2024-10-08
M00947,8459 N Oak Ct,Apt 1,Fort Worth,TX,75008-8615,03/06/2024
M00948,8782 Valley View St,Apt 2,Fort Worth,TX,75008,2023-11-25
M00949,232 Main Ln,,Allen,TX,75010-8162,05-04-2023
M00950,5919 Oak Ln,,Lewisville,TX,75007-8205,2023/05/10
M00951,2597 Valley View Blvd,,Plano,TX,75002-7184,2024/02/09
M00952,1549 Elm Ave,Apt 2,Garland,TX,75003,2023-01-15
M00953,7053 Willow Ln,Unit B,Richardson,TX,75006,2024/09/01
M00954,9925 N Elm Blvd,Bldg 3,Allen,TX,75010,2024/02/20
M00955,6453 Cedar Rd,Bldg 3,Allen,TX,75010-6579,12/13/2024
M00956,1581 Sunset Pl,,Addison,TX,75005-6149,05/19/2024
M00957,5589 E Main Cir,Ste 200,Addison,TX,75005-7535,12-12-2023
M00958,2666 S Maple Ln,Unit B,Carrollton,TX,75009,07-03-2024
M00959,5966 Maple Blvd,Apt 1,Carrollton,TX,75009,2023-07-11
M00960,1627 Elm Pl,,Dallas,TX,75001,2023-01-29
M00961,6289 Lake Shore Trl,,Richardson,TX,75006,2024/07/08
M00962,3923 Hill Crest St,Bldg 3,Lewisville,TX,75007,2023/05/28
M00963,7286 Hill Crest St,Unit B,Garland,TX,75003,05/29/2024
M00964,2187 Riverside Cir,,Carrollton,TX,75009,2023/10/07
M00965,9992 Oak Ln,,Addison,TX,75005-3440,2023-09-07
M00966,5555 Sunset Blvd,Unit B,Garland,TX,75003-2605,2023/03/18
M00967,9812 Cedar Rd,Ste 200,Dallas,TX,75001,2023-12-30
M00968,7874 Riverside Trl,Apt 2,Fort Worth,TX,75008,2024-07-11
M00969,3132 Pine Rd,Apt 2,Lewisville,TX,75007,2023-03-26
M00970,8116 Hill Crest Trl,,Dallas,TX,75001-1104,10-28-2024
M00971,2391 Main Ct,Apt 2,Plano,TX,75002,08-15-2023
M00972,8225 Riverside Pkwy,Suite 100,Dallas,TX,75001,07/07/2024
M00973,4498 N Willow Trl,,Lewisville,TX,75007-9603,10-18-2023
M00974,5084 S Maple St,Apt 1,Dallas,TX,75001-1734,03-18-2023
M00975,8895 Riverside Rd,Apt 2,Lewisville,TX,75007,2024-12-16
M00976,3108 W Cedar Ct,Apt 1,Irving,TX,75004,2024-07-18
M00977,7340 Pine Rd,Bldg 3,Addison,TX,75005-2425,07-24-2024
M00978,2558 Pine Dr,,Garland,TX,75003-5902,02-21-2024
M00979,4399 N Maple Ave,Apt 2,Addison,TX,75005,2023-04-20
M00980,1359 Pine Rd,,Dallas,TX,75001,2023-06-20
M00981,8652 Main Pkwy,Bldg 3,Richardson,TX,75006,2024-02-09
M00982,6306 Riverside Pkwy,,Fort Worth,TX,75008,2024-07-04
M00983,5018 W Sunset Ln,,Irving,TX,75004,2023/01/07
M00984,5616 Lake Shore Ct,,Fort Worth,TX,75008-5119,06-10-2024
M00985,1813 Main St,,Addison,TX,75005,12-06-2023
M00986,5655 Valley View Blvd,Apt 1,Garland,TX,75003-8774,2023-11-24
M00987,148 E Elm Ln,,Garland,TX,75003,2023/04/28
M00988,2101 Pine Trl,Suite 100,Garland,TX,75003-4491,08/04/2023
M00989,2944 Willow Ln,Suite 100,Plano,TX,75002,07/23/2023
M00990,6167 Valley View Pkwy,,Richardson,TX,75006,11/22/2023
M00991,2488 N Main St,,Irving,TX,75004,02-14-2023
M00992,4117 Elm Pkwy,,Garland,TX,75003,01-07-2023
M00993,1704 Willow Ave,,Allen,TX,75010-7345,2023/02/01
M00994,5725 Cedar Ave,,Dallas,TX,75001,2023-01-21
M00995,6456 Pine Blvd,Unit B,Plano,TX,75002,11-26-2023
M00996,4307 Valley View Blvd,,Lewisville,TX,75007,2023/06/09
M00997,454 Lake Shore Trl,Unit B,Carrollton,TX,75009,08/30/2024
M00998,1060 Hill Crest Cir,Apt 2,Carrollton,TX,75009,2023-03-02
M00999,5215 Hill Crest Ln,,Fort Worth,TX,75008,10-14-2023
M01000,2786 Sunset Ave,Apt 1,Irving,TX,75004,05-27-2024
